"id","km","bm","claim_id","work_id","stratum","p_contradicts","uncertain","p_refutes","confidence"
"08d1e2e9","C.","C6","bm_description-06","https://openalex.org/W1996833607","jev_top",0.71,FALSE,0.618724763393402,0.618724763393402
"dc746d1d","C.","C6","bm_description-06","https://openalex.org/W3127785169","jev_top",0.7,FALSE,0.612178802490234,0.612178802490234
"0787742a","C.","C6","bm_description-04","https://openalex.org/W2396454206","jev_top",0.68,FALSE,0.602634012699127,0.602634012699127
"d7a71453","B.","B10","bm_description-05","https://openalex.org/W4392952391","jev_top",0.68,FALSE,0.6377974152565,0.6377974152565
"a55bdbe1","B.","B10","bm_description-05","https://openalex.org/W4396865466","jev_top",0.68,FALSE,0.648791670799255,0.648791670799255
"3b8f0527","B.","B10","bm_description-05","https://openalex.org/W4396880092","jev_top",0.68,FALSE,0.610149264335632,0.610149264335632
"ea5087a9","B.","B10","bm_description-05","https://openalex.org/W4404078677","jev_top",0.68,FALSE,0.67994874715805,0.67994874715805
"359c4f6c","B.","B10","bm_description-05","https://openalex.org/W7142155174","jev_top",0.68,FALSE,0.666943967342377,0.666943967342377
"fad9a1c6","B.","B10","bm_description-05","https://openalex.org/W2071836377","jev_top",0.68,FALSE,0.617646276950836,0.617646276950836
"2277417a","B.","B10","bm_description-05","https://openalex.org/W1571264427","jev_top",0.68,FALSE,0.702710270881653,0.702710270881653
"8604bc2a","B.","B10","bm_description-05","https://openalex.org/W1992348140","jev_top",0.68,FALSE,0.669829666614532,0.669829666614532
"70df4c6c","B.","B10","bm_description-05","https://openalex.org/W2593585446","jev_top",0.68,FALSE,0.668715953826904,0.668715953826904
"fb8fd694","B.","B10","bm_description-05","https://openalex.org/W2320469098","jev_top",0.68,FALSE,0.690084993839264,0.690084993839264
"e5b4650a","B.","B10","bm_description-05","https://openalex.org/W2936021505","jev_top",0.68,FALSE,0.713885247707367,0.713885247707367
"41556721","B.","B10","bm_description-05","https://openalex.org/W1848352683","jev_top",0.68,FALSE,0.828791975975037,0.828791975975037
"a0d1c04a","B.","B10","bm_description-05","https://openalex.org/W4200207995","jev_top",0.68,FALSE,0.668516516685486,0.668516516685486
"14234ed4","B.","B10","bm_description-05","https://openalex.org/W4402269441","jev_top",0.68,FALSE,0.641550064086914,0.641550064086914
"e66e542c","C.","C6","bm_description-04","https://openalex.org/W1589183892","jev_top",0.67,FALSE,0.634883224964142,0.634883224964142
"fbbe7582","C.","C6","bm_description-04","https://openalex.org/W1996833607","jev_top",0.67,FALSE,0.631453275680542,0.631453275680542
"6d724421","C.","C6","bm_description-04","https://openalex.org/W2126592100","jev_top",0.67,FALSE,0.72797966003418,0.72797966003418
"d553e3e0","B.","B10","bm_description-05","https://openalex.org/W2061075969","jev_top",0.67,FALSE,0.623373508453369,0.623373508453369
"b664bc5e","B.","B10","bm_description-05","https://openalex.org/W4396715938","jev_top",0.67,FALSE,0.626733779907227,0.626733779907227
"82a3b4d9","B.","B10","bm_description-05","https://openalex.org/W4396865374","jev_top",0.67,FALSE,0.70293265581131,0.70293265581131
"57ece4bc","B.","B10","bm_description-05","https://openalex.org/W2913077535","jev_top",0.67,FALSE,0.615384519100189,0.615384519100189
"c2abe674","B.","B10","bm_description-05","https://openalex.org/W4290927953","jev_top",0.67,FALSE,0.731772840023041,0.731772840023041
"bb80151b","B.","B10","bm_description-05","https://openalex.org/W7147010876","jev_top",0.67,FALSE,0.712465822696686,0.712465822696686
"194b16e3","B.","B10","bm_description-05","https://openalex.org/W7151089835","jev_top",0.67,FALSE,0.7215376496315,0.7215376496315
"22a0be49","B.","B10","bm_description-05","https://openalex.org/W2763745362","jev_top",0.67,FALSE,0.628556311130524,0.628556311130524
"3852beba","B.","B10","bm_description-05","https://openalex.org/W2529042611","jev_top",0.67,FALSE,0.642948687076569,0.642948687076569
"0f41c3a5","B.","B10","bm_description-05","https://openalex.org/W2906180434","jev_top",0.67,FALSE,0.63839590549469,0.63839590549469
"35de851f","B.","B10","bm_description-05","https://openalex.org/W3175369332","jev_top",0.67,FALSE,0.620709776878357,0.620709776878357
"919cce13","B.","B10","bm_description-05","https://openalex.org/W854655543","jev_top",0.67,FALSE,0.647681057453156,0.647681057453156
"6811df02","B.","B10","bm_description-05","https://openalex.org/W2235393125","jev_top",0.67,FALSE,0.611027538776398,0.611027538776398
"79a36e01","B.","B10","bm_description-05","https://openalex.org/W1979062358","jev_top",0.67,FALSE,0.62452507019043,0.62452507019043
"959101bd","B.","B10","bm_description-05","https://openalex.org/W2106101363","jev_top",0.67,FALSE,0.712549328804016,0.712549328804016
"7909df38","B.","B10","bm_description-05","https://openalex.org/W2234829980","jev_top",0.67,FALSE,0.681898415088654,0.681898415088654
"db24f4af","B.","B10","bm_description-05","https://openalex.org/W4381198254","jev_top",0.67,FALSE,0.619918167591095,0.619918167591095
"f44d9817","B.","B10","bm_description-05","https://openalex.org/W2565229473","jev_top",0.67,FALSE,0.615078806877136,0.615078806877136
"a70d0ce7","B.","B10","bm_description-05","https://openalex.org/W2934548247","jev_top",0.67,FALSE,0.622166752815247,0.622166752815247
"04cd2b74","B.","B10","bm_description-05","https://openalex.org/W2655345761","jev_top",0.67,FALSE,0.639368116855621,0.639368116855621
"4f8d0a21","B.","B10","bm_description-05","https://openalex.org/W2091995023","jev_top",0.67,FALSE,0.682499885559082,0.682499885559082
"745fbe1a","B.","B10","bm_description-05","https://openalex.org/W2076234391","jev_top",0.67,FALSE,0.609225332736969,0.609225332736969
"3fab41d9","B.","B10","bm_description-05","https://openalex.org/W2574921983","jev_top",0.67,FALSE,0.609880208969116,0.609880208969116
"ef240b70","B.","B10","bm_description-05","https://openalex.org/W2127758756","jev_top",0.67,FALSE,0.601584732532501,0.601584732532501
"857b14e8","B.","B10","bm_description-05","https://openalex.org/W2247880730","jev_top",0.67,FALSE,0.733259618282318,0.733259618282318
"1523daab","B.","B10","bm_description-05","https://openalex.org/W4413885691","jev_top",0.67,FALSE,0.642395853996277,0.642395853996277
"aba1cb89","B.","B10","bm_description-05","https://openalex.org/W4400120032","jev_top",0.67,FALSE,0.605926513671875,0.605926513671875
"5b4b5874","B.","B10","bm_description-05","https://openalex.org/W4399184193","jev_top",0.67,FALSE,0.713110446929932,0.713110446929932
"d0d33e7b","B.","B10","bm_description-05","https://openalex.org/W3082057114","jev_top",0.67,FALSE,0.642381310462952,0.642381310462952
"57b1b498","B.","B10","bm_description-05","https://openalex.org/W1977246030","jev_top",0.67,FALSE,0.645165085792542,0.645165085792542
"6b3ffddb","B.","B10","bm_description-05","https://openalex.org/W2498651294","jev_top",0.67,FALSE,0.675867259502411,0.675867259502411
"cea68aa1","B.","B10","bm_description-05","https://openalex.org/W4233742332","jev_top",0.67,FALSE,0.657792448997498,0.657792448997498
"d9265ba7","B.","B10","bm_description-05","https://openalex.org/W2038488083","jev_top",0.67,FALSE,0.620326220989227,0.620326220989227
"75205bb6","B.","B10","bm_description-05","https://openalex.org/W4405262575","jev_top",0.66,FALSE,0.604984700679779,0.604984700679779
"47e587b6","B.","B10","bm_description-05","https://openalex.org/W2189107705","jev_top",0.66,FALSE,0.677729189395905,0.677729189395905
"86e56039","B.","B10","bm_description-05","https://openalex.org/W3045793591","jev_top",0.66,FALSE,0.692272663116455,0.692272663116455
"2a361135","B.","B10","bm_description-05","https://openalex.org/W4367726612","jev_top",0.66,FALSE,0.631105482578278,0.631105482578278
"39506476","B.","B10","bm_description-05","https://openalex.org/W4396865382","jev_top",0.66,FALSE,0.646263360977173,0.646263360977173
"92349c49","B.","B10","bm_description-05","https://openalex.org/W4396880098","jev_top",0.66,FALSE,0.603149354457855,0.603149354457855
"cf12f406","B.","B10","bm_description-05","https://openalex.org/W4412676976","jev_top",0.66,FALSE,0.675995171070099,0.675995171070099
"4c75d65b","B.","B10","bm_description-05","https://openalex.org/W4311071943","jev_top",0.66,FALSE,0.63340812921524,0.63340812921524
"55fcef37","B.","B10","bm_description-05","https://openalex.org/W2268758207","jev_top",0.66,FALSE,0.615075170993805,0.615075170993805
"42781a0b","B.","B10","bm_description-05","https://openalex.org/W2786489135","jev_top",0.66,FALSE,0.625010788440704,0.625010788440704
"0f3d1c7a","B.","B10","bm_description-05","https://openalex.org/W2028705818","jev_top",0.66,FALSE,0.651636183261871,0.651636183261871
"0fc71aaa","B.","B10","bm_description-05","https://openalex.org/W2035461906","jev_top",0.66,FALSE,0.687473356723785,0.687473356723785
"571b5d87","B.","B10","bm_description-05","https://openalex.org/W4294867742","jev_top",0.66,FALSE,0.667382061481476,0.667382061481476
"df45ae2b","B.","B10","bm_description-05","https://openalex.org/W4402777942","jev_top",0.66,FALSE,0.67038768529892,0.67038768529892
"e9963212","B.","B10","bm_description-05","https://openalex.org/W4402778615","jev_top",0.66,FALSE,0.659936666488647,0.659936666488647
"abbf3344","B.","B10","bm_description-05","https://openalex.org/W7203493428","jev_top",0.66,FALSE,0.652312159538269,0.652312159538269
"e5ad113c","B.","B10","bm_description-05","https://openalex.org/W7203494675","jev_top",0.66,FALSE,0.652312159538269,0.652312159538269
"7a13447c","B.","B10","bm_description-05","https://openalex.org/W960744891","jev_top",0.66,FALSE,0.696322977542877,0.696322977542877
"c718a4cc","B.","B10","bm_description-05","https://openalex.org/W2901788107","jev_top",0.66,FALSE,0.642248868942261,0.642248868942261
"6102f113","B.","B10","bm_description-05","https://openalex.org/W4410131996","jev_top",0.66,FALSE,0.691308200359344,0.691308200359344
"7dc15a8e","B.","B10","bm_description-05","https://openalex.org/W4411097828","jev_top",0.66,FALSE,0.61568683385849,0.61568683385849
"bd0cc436","B.","B10","bm_description-05","https://openalex.org/W4403257818","jev_top",0.66,FALSE,0.613666474819183,0.613666474819183
"1af8f95f","A.","A2","bm_description-01","https://openalex.org/W2995518620","jev_unrouted",0.71,TRUE,0.374286741018295,0.374286741018295
"03a8c517","A.","A2","bm_description-01","https://openalex.org/W4226125531","jev_unrouted",0.71,TRUE,0.581891119480133,0.581891119480133
"e0c8e814","A.","A2","bm_description-01","https://openalex.org/W7159887503","jev_unrouted",0.71,TRUE,0.390313148498535,0.390313148498535
"68d37394","C.","C6","bm_description-06","https://openalex.org/W4404148546","jev_unrouted",0.71,TRUE,0.473641633987427,0.473641633987427
"b5f24540","C.","C6","bm_description-06","https://openalex.org/W4385954892","jev_unrouted",0.71,TRUE,0.401517927646637,0.401517927646637
"0ab58ac0","C.","C6","bm_description-06","https://openalex.org/W2103283659","jev_unrouted",0.71,TRUE,0.411309272050858,0.411309272050858
"6b95f904","C.","C6","bm_description-06","https://openalex.org/W2888140325","jev_unrouted",0.71,TRUE,0.412492245435715,0.412492245435715
"966f7a80","C.","C6","bm_description-06","https://openalex.org/W2268080605","jev_unrouted",0.71,TRUE,0.385025799274445,0.385025799274445
"be023fd4","C.","C6","bm_description-06","https://openalex.org/W2034849322","jev_unrouted",0.71,TRUE,0.446990221738815,0.446990221738815
"448cce1e","A.","A2","bm_description-01","https://openalex.org/W3007353299","jev_unrouted",0.7,TRUE,0.505616903305054,0.505616903305054
"b92542c3","A.","A2","bm_description-01","https://openalex.org/W1912898139","jev_unrouted",0.7,TRUE,0.447160989046097,0.447160989046097
"1f80f409","A.","A2","bm_description-01","https://openalex.org/W3094616616","jev_unrouted",0.7,TRUE,0.422576367855072,0.422576367855072
"26dd0e5d","A.","A2","bm_description-01","https://openalex.org/W4401418078","jev_unrouted",0.7,TRUE,0.448898434638977,0.448898434638977
"a4a16985","A.","A2","bm_description-01","https://openalex.org/W2912997677","jev_unrouted",0.7,TRUE,0.387280583381653,0.387280583381653
"572e6103","A.","A2","bm_description-01","https://openalex.org/W3095631070","jev_unrouted",0.7,TRUE,0.464841097593307,0.464841097593307
"13d05eba","A.","A2","bm_description-01","https://openalex.org/W3039958634","jev_unrouted",0.7,TRUE,0.358194142580032,0.358194142580032
"0f814c84","A.","A2","bm_description-01","https://openalex.org/W4238831069","jev_unrouted",0.7,TRUE,0.501407206058502,0.501407206058502
"5def04c6","A.","A2","bm_description-01","https://openalex.org/W7139025505","jev_unrouted",0.7,TRUE,0.526473939418793,0.526473939418793
"5cdf39ad","A.","A2","bm_description-01","https://openalex.org/W3174231056","jev_unrouted",0.7,TRUE,0.388248056173325,0.388248056173325
"bf89b120","A.","A2","bm_description-01","https://openalex.org/W3210293312","jev_unrouted",0.7,TRUE,0.468258261680603,0.468258261680603
"9c0b66da","A.","A2","bm_description-01","https://openalex.org/W2559110543","jev_unrouted",0.7,TRUE,0.426538914442062,0.426538914442062
"58050f44","A.","A2","bm_description-01","https://openalex.org/W4318769320","jev_unrouted",0.7,TRUE,0.409192234277725,0.409192234277725
"7d4b91c9","A.","A2","bm_description-01","https://openalex.org/W4409105928","jev_unrouted",0.7,TRUE,0.465669840574265,0.465669840574265
"f650bf6f","C.","C6","bm_description-06","https://openalex.org/W2794294668","jev_unrouted",0.7,TRUE,0.481183409690857,0.481183409690857
"8f18c64c","C.","C6","bm_description-06","https://openalex.org/W2333496961","jev_unrouted",0.7,TRUE,0.433972924947739,0.433972924947739
"e88ba257","C.","C6","bm_description-06","https://openalex.org/W2892099838","jev_unrouted",0.7,TRUE,0.517946481704712,0.517946481704712
"c7653fb7","C.","C6","bm_description-06","https://openalex.org/W2595743173","jev_unrouted",0.7,TRUE,0.377243310213089,0.377243310213089
"81537caa","A.","A2","bm_description-01","https://openalex.org/W3168142781","jev_unrouted",0.69,TRUE,0.488568753004074,0.488568753004074
"6eab50cb","A.","A2","bm_description-01","https://openalex.org/W4405646748","jev_unrouted",0.69,TRUE,0.39007979631424,0.39007979631424
"c2de1fc4","A.","A2","bm_description-01","https://openalex.org/W3153098515","jev_unrouted",0.69,TRUE,0.394454300403595,0.394454300403595
"ca19d9ce","A.","A2","bm_description-01","https://openalex.org/W4366251090","jev_unrouted",0.69,TRUE,0.398210287094116,0.398210287094116
"db4b4eb0","A.","A2","bm_description-01","https://openalex.org/W2737846237","jev_unrouted",0.69,TRUE,0.367514461278915,0.367514461278915
"096db89d","A.","A2","bm_description-01","https://openalex.org/W7134828241","jev_unrouted",0.69,TRUE,0.487510293722153,0.487510293722153
"a3ef9b42","A.","A2","bm_description-01","https://openalex.org/W3197626304","jev_unrouted",0.69,TRUE,0.50970184803009,0.50970184803009
"f6ecb4bb","A.","A2","bm_description-01","https://openalex.org/W7158028940","jev_unrouted",0.69,TRUE,0.390740007162094,0.390740007162094
"7c192393","A.","A2","bm_description-01","https://openalex.org/W3036613126","jev_unrouted",0.69,TRUE,0.448725253343582,0.448725253343582
"d88c8648","A.","A2","bm_description-01","https://openalex.org/W4322579369","jev_unrouted",0.69,TRUE,0.429329991340637,0.429329991340637
"548063d7","A.","A2","bm_description-01","https://openalex.org/W4249290369","jev_unrouted",0.69,TRUE,0.39365953207016,0.39365953207016
"dd487f68","A.","A2","bm_description-01","https://openalex.org/W4232731249","jev_unrouted",0.69,TRUE,0.476191252470016,0.476191252470016
"d4600080","A.","A2","bm_description-01","https://openalex.org/W1995193979","jev_unrouted",0.69,TRUE,0.433893233537674,0.433893233537674
"13d7f1f9","A.","A2","bm_description-01","https://openalex.org/W2061548549","jev_unrouted",0.69,TRUE,0.343385696411133,0.343385696411133
"bc7882f4","C.","C6","bm_description-06","https://openalex.org/W4285085059","jev_unrouted",0.69,TRUE,0.469234943389893,0.469234943389893
"893cb94a","C.","C6","bm_description-06","https://openalex.org/W4239431402","jev_unrouted",0.69,TRUE,0.400509595870972,0.400509595870972
"529e9e87","C.","C6","bm_description-06","https://openalex.org/W2137449336","jev_unrouted",0.69,TRUE,0.465125650167465,0.465125650167465
"2488b3b7","A.","A2","bm_description-01","https://openalex.org/W4416015469","jev_unrouted",0.68,TRUE,0.465363919734955,0.465363919734955
"f4e147ac","A.","A2","bm_description-01","https://openalex.org/W3035935255","jev_unrouted",0.68,TRUE,0.451673775911331,0.451673775911331
"3e12358b","A.","A2","bm_description-01","https://openalex.org/W2801670761","jev_unrouted",0.68,TRUE,0.589898407459259,0.589898407459259
"d304f19e","A.","A2","bm_description-01","https://openalex.org/W2939573883","jev_unrouted",0.68,TRUE,0.367955237627029,0.367955237627029
"56e069a3","A.","A2","bm_description-01","https://openalex.org/W4402313324","jev_unrouted",0.68,TRUE,0.442763417959213,0.442763417959213
"f1561d86","A.","A2","bm_description-01","https://openalex.org/W4386715455","jev_unrouted",0.68,TRUE,0.482345253229141,0.482345253229141
"a1231755","C.","C6","bm_description-04","https://openalex.org/W2268080605","jev_unrouted",0.68,TRUE,0.36458221077919,0.36458221077919
"1c0bda42","C.","C6","bm_description-04","https://openalex.org/W3165298470","jev_unrouted",0.68,TRUE,0.351943403482437,0.351943403482437
"402cb4a3","C.","C6","bm_description-04","https://openalex.org/W2130495178","jev_unrouted",0.67,TRUE,0.461697369813919,0.461697369813919
"2e5eb33e","C.","C6","bm_description-04","https://openalex.org/W4237053689","jev_unrouted",0.67,TRUE,0.388136088848114,0.388136088848114
"bc0d72a8","C.","C6","bm_description-04","https://openalex.org/W3151151043","jev_unrouted",0.67,TRUE,0.35653617978096,0.35653617978096
"f6506f71","C.","C6","bm_description-04","https://openalex.org/W3090386250","jev_unrouted",0.67,TRUE,0.416168212890625,0.416168212890625
"19533b37","C.","C6","bm_description-04","https://openalex.org/W1985965824","jev_unrouted",0.67,TRUE,0.432168841362,0.432168841362
"e815977b","C.","C6","bm_description-04","https://openalex.org/W4403857259","jev_unrouted",0.66,TRUE,0.380375921726227,0.380375921726227
"853eb35c","C.","C6","bm_description-04","https://openalex.org/W4415629109","jev_unrouted",0.66,TRUE,0.445370316505432,0.445370316505432
"29bbb3c6","C.","C6","bm_description-04","https://openalex.org/W1907369419","jev_unrouted",0.66,TRUE,0.388851404190063,0.388851404190063
"fe53edbd","C.","C6","bm_description-04","https://openalex.org/W4362608484","jev_unrouted",0.66,TRUE,0.37745675444603,0.37745675444603
"0f735bc5","C.","C6","bm_description-04","https://openalex.org/W2300765043","jev_unrouted",0.66,TRUE,0.37490451335907,0.37490451335907
"7f8ed5e9","C.","C6","bm_description-04","https://openalex.org/W4238590879","jev_unrouted",0.66,TRUE,0.398066580295563,0.398066580295563
"2d5ed597","C.","C6","bm_description-04","https://openalex.org/W4313651189","jev_unrouted",0.66,TRUE,0.359792679548264,0.359792679548264
"186b6bbe","C.","C6","bm_description-04","https://openalex.org/W1503529722","jev_unrouted",0.66,TRUE,0.426980137825012,0.426980137825012
"941d51e3","C.","C6","bm_description-04","https://openalex.org/W4239431402","jev_unrouted",0.66,TRUE,0.423457831144333,0.423457831144333
"965d6f0c","C.","C6","bm_description-04","https://openalex.org/W4380626164","jev_unrouted",0.66,TRUE,0.507520973682404,0.507520973682404
"5cd5b1a9","C.","C6","bm_description-04","https://openalex.org/W2034849322","jev_unrouted",0.66,TRUE,0.384794414043427,0.384794414043427
"7c95c2c0","C.","C6","bm_description-04","https://openalex.org/W2003923469","jev_unrouted",0.66,TRUE,0.384855717420578,0.384855717420578
"93bfd1dd","C.","C6","bm_description-04","https://openalex.org/W1776406998","jev_unrouted",0.66,TRUE,0.434375077486038,0.434375077486038
"f8673c1d","C.","C6","bm_description-04","https://openalex.org/W2074736351","jev_unrouted",0.66,TRUE,0.40522038936615,0.40522038936615
"c1702807","C.","C6","bm_description-04","https://openalex.org/W2969604152","jev_unrouted",0.65,TRUE,0.383026152849197,0.383026152849197
"7281a30c","C.","C6","bm_description-04","https://openalex.org/W4251527895","jev_unrouted",0.65,TRUE,0.404059886932373,0.404059886932373
"f626618f","D.","D1","bm_description-02","https://openalex.org/W4280609546","jev_unrouted",0.63,TRUE,0.370608448982239,0.370608448982239
"419c9dbf","A.","A6","bm_description-05","https://openalex.org/W4309349997","jev_unrouted",0.63,TRUE,0.473192751407623,0.473192751407623
"42b98838","B.","B10","bm_label-01","https://openalex.org/W2140684617","judge",NA,NA,NA,0.637767612934113
"ea7d3dfd","A.","A7","bm_description-02","https://openalex.org/W4386864934","judge",NA,NA,NA,0.64754968881607
"7d898678","A.","A6","bm_description-10","https://openalex.org/W4384465852","judge",NA,NA,NA,0.700449228286743
"1a021899","A.","A5","bm_label-01","https://openalex.org/W2912542061","judge",NA,NA,NA,0.624646306037903
"413c793c","A.","A1","bm_description-03","https://openalex.org/W2165215863","judge",NA,NA,NA,0.63610577583313
"141c4052","B.","B10","bm_description-05","https://openalex.org/W2183401914","judge",NA,NA,NA,0.612661242485046
"be2e4383","D.","D7","bm_description-03","https://openalex.org/W2596574795","judge",NA,NA,NA,0.721568524837494
"9e86d83c","A.","A8","bm_description-02","https://openalex.org/W3186388573","judge",NA,NA,NA,0.647042870521545
"8289dfe9","A.","A8","bm_description-02","https://openalex.org/W2976725801","judge",NA,NA,NA,0.694925129413605
"75446f7a","B.","B3","bm_description-01","https://openalex.org/W2805962803","judge",NA,NA,NA,0.695375561714172
"c4d417bd","A.","A8","bm_description-03","https://openalex.org/W2165242415","judge",NA,NA,NA,0.606648862361908
"81357f9c","A.","A6","bm_description-06","https://openalex.org/W3129558481","judge",NA,NA,NA,0.738093435764313
"3e9bb0bb","D.","D2","bm_description-01","https://openalex.org/W3045793591","judge",NA,NA,NA,0.682892620563507
"91f7d9fd","A.","A8","bm_description-09","https://openalex.org/W2105716715","judge",NA,NA,NA,0.657034158706665
"60710f1f","A.","A8","bm_description-09","https://openalex.org/W2007677207","judge",NA,NA,NA,0.78112268447876
"5c1b2d68","B.","B10","bm_description-01","https://openalex.org/W2035461906","judge",NA,NA,NA,0.614112854003906
"9f5b3428","C.","C2","bm_description-03","https://openalex.org/W4401235080","judge",NA,NA,NA,0.664675712585449
"40d915ed","B.","B10","bm_description-03","https://openalex.org/W2054659622","judge",NA,NA,NA,0.656786918640137
"0b1e4c1f","D.","D6","bm_label-02","https://openalex.org/W4229055037","judge",NA,NA,NA,0.617672443389893
"e0e39f74","A.","A2","bm_description-08","https://openalex.org/W3107278211","judge",NA,NA,NA,0.665864109992981
"5fbd08a9","D.","D10","bm_description-01","https://openalex.org/W2953768936","judge",NA,NA,NA,0.687966287136078
"302a00e4","D.","D12","bm_description-05","https://openalex.org/W2915685509","judge",NA,NA,NA,0.716817200183868
"ecdb7c4b","A.","A1","bm_label-01","https://openalex.org/W3199064597","judge",NA,NA,NA,0.736129105091095
"f85bc431","D.","D7","bm_description-01","https://openalex.org/W4388958068","judge",NA,NA,NA,0.630594313144684
"ff00a9d5","A.","A8","bm_description-04","https://openalex.org/W2154261096","judge",NA,NA,NA,0.63328206539154
"90e6364d","A.","A2","bm_description-05","https://openalex.org/W3023836931","judge",NA,NA,NA,0.618241190910339
"a76224b1","A.","A8","bm_description-01","https://openalex.org/W2790890490","judge",NA,NA,NA,0.767072081565857
"dab6dc02","B.","B11","bm_description-08","https://openalex.org/W2998891327","judge",NA,NA,NA,0.614825487136841
"188b3037","D.","D6","bm_label-02","https://openalex.org/W4294867742","judge",NA,NA,NA,0.70847088098526
"8fb6ff1d","D.","D10","bm_label-01","https://openalex.org/W2911885815","judge",NA,NA,NA,0.701863765716553
"9917e39a","D.","D8","bm_label-01","https://openalex.org/W1975848624","judge",NA,NA,NA,0.853098154067993
"c428381d","C.","C6","bm_description-05","https://openalex.org/W2762077134","judge",NA,NA,NA,0.667992234230042
"aa8481ab","D.","D10","bm_description-04","https://openalex.org/W4400642511","judge",NA,NA,NA,0.776670157909393
"04f3a02b","A.","A6","bm_description-08","https://openalex.org/W2896939300","judge",NA,NA,NA,0.793084919452667
"f8fff318","B.","B10","bm_description-05","https://openalex.org/W2138997239","judge",NA,NA,NA,0.61950957775116
"3d5fa0b6","A.","A9","bm_description-09","https://openalex.org/W2737372981","judge",NA,NA,NA,0.854933977127075
"2a7a7a6e","A.","A8","bm_description-01","https://openalex.org/W2996443825","judge",NA,NA,NA,0.724665522575378
"a68bc00e","A.","A8","bm_description-02","https://openalex.org/W4386300839","judge",NA,NA,NA,0.628862738609314
"0f9c73d4","A.","A8","bm_description-02","https://openalex.org/W3029962785","judge",NA,NA,NA,0.760671615600586
"57a2011c","A.","A1","bm_description-03","https://openalex.org/W3208829493","judge",NA,NA,NA,0.72836023569107
"dd32d702","A.","A6","bm_description-02","https://openalex.org/W4376609923","judge",NA,NA,NA,0.626794815063477
"dddf5262","A.","A5","bm_label-01","https://openalex.org/W3163794550","judge",NA,NA,NA,0.656407535076141
"ab520cf1","A.","A1","bm_description-03","https://openalex.org/W2044681713","judge",NA,NA,NA,0.644788265228271
"935b8a6d","A.","A8","bm_description-01","https://openalex.org/W3202854286","judge",NA,NA,NA,0.637499153614044
"2c8ffce1","A.","A6","bm_description-03","https://openalex.org/W2803918000","judge",NA,NA,NA,0.621443450450897
