"assessment","id","verdict","scorable"
"GA1","551e28e8","NOT_ENOUGH_INFO",TRUE
"GA1","a89c864a","NOT_ENOUGH_INFO",TRUE
"GA1","91a4c268","NOT_ENOUGH_INFO",TRUE
"GA1","373b1de3","SUPPORTS",TRUE
"GA1","f85d36ea","SUPPORTS",TRUE
"GA1","1ff143da","NOT_ENOUGH_INFO",TRUE
"GA1","742b7651","CANNOT_JUDGE",FALSE
"GA1","40cec447","SUPPORTS",TRUE
"GA1","0b68f1fa","NOT_ENOUGH_INFO",TRUE
"GA1","9066dfe5","SUPPORTS",TRUE
"GA1","478f203d","SUPPORTS",TRUE
"GA1","9db32b24","SUPPORTS",TRUE
"GA1","e4bae379","SUPPORTS",TRUE
"GA1","e1b1706d","NOT_ENOUGH_INFO",TRUE
"GA1","af0b6a14","SUPPORTS",TRUE
"GA1","688762f5","SUPPORTS",TRUE
"GA1","116984d7","SUPPORTS",TRUE
"GA1","a5aa3537","NOT_ENOUGH_INFO",TRUE
"GA1","4cf319a9","NOT_ENOUGH_INFO",TRUE
"GA1","78bddfce","SUPPORTS",TRUE
"GA1","0a8bda1a","NOT_ENOUGH_INFO",TRUE
"GA1","d4531b6e","SUPPORTS",TRUE
"GA1","c2664f26","NOT_ENOUGH_INFO",TRUE
"GA1","99a3734d","SUPPORTS",TRUE
"GA1","7ae62ebe","NOT_ENOUGH_INFO",TRUE
"GA1","d233521c","NOT_ENOUGH_INFO",TRUE
"GA1","9cdaf07a","NOT_ENOUGH_INFO",TRUE
"GA1","efd39376","NOT_ENOUGH_INFO",TRUE
"GA1","dc85f45f","NOT_ENOUGH_INFO",TRUE
"GA1","fe0d60c0","NOT_ENOUGH_INFO",TRUE
"GA1","42520f5a","SUPPORTS",TRUE
"GA1","b2ca8351","NOT_ENOUGH_INFO",TRUE
"GA1","d78f3442","NOT_ENOUGH_INFO",TRUE
"GA1","9d32b3d9","NOT_ENOUGH_INFO",TRUE
"GA1","a95a8e4e","NOT_ENOUGH_INFO",TRUE
"GA1","7df71cf6","NOT_ENOUGH_INFO",TRUE
"GA1","d74557c8","NOT_ENOUGH_INFO",TRUE
"GA1","d03fa21f","NOT_ENOUGH_INFO",TRUE
"GA1","affcba68","NOT_ENOUGH_INFO",TRUE
"GA1","e25966bb","SUPPORTS",TRUE
"GA1","c2e5076c","SUPPORTS",TRUE
"GA1","494d38da","SUPPORTS",TRUE
"GA1","883f6c29","NOT_ENOUGH_INFO",TRUE
"GA1","86593d6e","SUPPORTS",TRUE
"GA1","bafa455a","NOT_ENOUGH_INFO",TRUE
"GA1","fe865bc2","SUPPORTS",TRUE
"GA1","a54693c4","NOT_ENOUGH_INFO",TRUE
"GA1","8fc55ea8","SUPPORTS",TRUE
"GA1","669e847c","NOT_ENOUGH_INFO",TRUE
"GA1","d88d2ff0","NOT_ENOUGH_INFO",TRUE
"GA1","6561749e","CANNOT_JUDGE",FALSE
"GA1","ec3e158c","NOT_ENOUGH_INFO",TRUE
"GA1","f327fe19","SUPPORTS",TRUE
"GA1","9451d5c2","SUPPORTS",TRUE
"GA1","66f10266","NOT_ENOUGH_INFO",TRUE
"GA1","e4f9f794","NOT_ENOUGH_INFO",TRUE
"GA1","83b29360","SUPPORTS",TRUE
"GA1","670499ff","SUPPORTS",TRUE
"GA1","603158ba","NOT_ENOUGH_INFO",TRUE
"GA1","af079e21","SUPPORTS",TRUE
"GA1","c2755dec","NOT_ENOUGH_INFO",TRUE
"GA1","a94172fe","SUPPORTS",TRUE
"GA1","39108ba9","NOT_ENOUGH_INFO",TRUE
"GA1","923f17d7","NOT_ENOUGH_INFO",TRUE
"GA1","72d629b5","SUPPORTS",TRUE
"GA1","ec839a29","NOT_ENOUGH_INFO",TRUE
"GA1","fcf47c37","NOT_ENOUGH_INFO",TRUE
"GA1","5c0bbbe8","SUPPORTS",TRUE
"GA1","42b8aa1a","NOT_ENOUGH_INFO",TRUE
"GA1","33f6c780","SUPPORTS",TRUE
"GA1","6011d1fe","NOT_ENOUGH_INFO",TRUE
"GA1","7cd3b685","SUPPORTS",TRUE
"GA1","17b28058","NOT_ENOUGH_INFO",TRUE
"GA1","d631e8dc","NOT_ENOUGH_INFO",TRUE
"GA1","f412bfb6","NOT_ENOUGH_INFO",TRUE
"GA1","87582a55","NOT_ENOUGH_INFO",TRUE
"GA1","a911bcde","NOT_ENOUGH_INFO",TRUE
"GA1","41fb702a","NOT_ENOUGH_INFO",TRUE
"GA1","8931787d","SUPPORTS",TRUE
"GA1","546b0f5a","NOT_ENOUGH_INFO",TRUE
"GA1","245fc583","NOT_ENOUGH_INFO",TRUE
"GA1","db8ec597","SUPPORTS",TRUE
"GA1","152b8360","SUPPORTS",TRUE
"GA1","93a6571d","NOT_ENOUGH_INFO",TRUE
"GA1","a6727e50","NOT_ENOUGH_INFO",TRUE
"GA1","914c5b5e","SUPPORTS",TRUE
"GA1","67145935","NOT_ENOUGH_INFO",TRUE
"GA1","2d8bcb21","NOT_ENOUGH_INFO",TRUE
"GA1","3672bc75","SUPPORTS",TRUE
"GA1","132233d6","NOT_ENOUGH_INFO",TRUE
"GA1","d805dae7","NOT_ENOUGH_INFO",TRUE
"GA1","c27cc520","NOT_ENOUGH_INFO",TRUE
"GA1","08e246d4","NOT_ENOUGH_INFO",TRUE
"GA1","5287d945","NOT_ENOUGH_INFO",TRUE
"GA1","301d19b3","NOT_ENOUGH_INFO",TRUE
"GA1","34578ffa","NOT_ENOUGH_INFO",TRUE
"GA1","aaf4eb96","NOT_ENOUGH_INFO",TRUE
"GA1","01f1878a","NOT_ENOUGH_INFO",TRUE
"GA1","05abad44","NOT_ENOUGH_INFO",TRUE
"GA1","d5329df4","CANNOT_JUDGE",FALSE
"GA1","600a20fa","SUPPORTS",TRUE
"GA1","c238cb4b","NOT_ENOUGH_INFO",TRUE
"GA1","ac9a00f9","NOT_ENOUGH_INFO",TRUE
"GA1","472e6119","NOT_ENOUGH_INFO",TRUE
"GA1","7d89068a","SUPPORTS",TRUE
"GA1","5ddf4107","NOT_ENOUGH_INFO",TRUE
"GA1","24129f64","SUPPORTS",TRUE
"GA1","399e1387","NOT_ENOUGH_INFO",TRUE
"GA1","16c7f7aa","SUPPORTS",TRUE
"GA1","7e0fb719","REFUTES",TRUE
"GA1","790d929e","SUPPORTS",TRUE
"GA1","83b2d059","NOT_ENOUGH_INFO",TRUE
"GA1","daba54c0","NOT_ENOUGH_INFO",TRUE
"GA1","5e1e5989","NOT_ENOUGH_INFO",TRUE
"GA1","040037fc","NOT_ENOUGH_INFO",TRUE
"GA1","e1e1bae2","NOT_ENOUGH_INFO",TRUE
"GA1","fecbe25e","NOT_ENOUGH_INFO",TRUE
"GA1","7194b420","SUPPORTS",TRUE
"GA1","9ed29db0","NOT_ENOUGH_INFO",TRUE
"GA1","11282071","NOT_ENOUGH_INFO",TRUE
"GA1","6accaf43","SUPPORTS",TRUE
"GA1","1073f6f2","SUPPORTS",TRUE
"GA1","fc8f27aa","NOT_ENOUGH_INFO",TRUE
"GA1","435a970a","SUPPORTS",TRUE
"GA1","53d96f56","SUPPORTS",TRUE
"GA1","46cb308d","SUPPORTS",TRUE
"GA1","4df9b3c7","SUPPORTS",TRUE
"GA1","bc382d58","NOT_ENOUGH_INFO",TRUE
"GA1","31ef87de","CANNOT_JUDGE",FALSE
"GA1","7850cd35","CANNOT_JUDGE",FALSE
"GA1","1daa1be3","SUPPORTS",TRUE
"GA1","8777fcbb","NOT_ENOUGH_INFO",TRUE
"GA1","d994e42b","NOT_ENOUGH_INFO",TRUE
"GA1","4d6edeff","NOT_ENOUGH_INFO",TRUE
"GA1","13ab054c","SUPPORTS",TRUE
"GA1","acc7c968","NOT_ENOUGH_INFO",TRUE
"GA1","f1c0cc99","NOT_ENOUGH_INFO",TRUE
"GA1","9c579d93","NOT_ENOUGH_INFO",TRUE
"GA1","ed9a0456","NOT_ENOUGH_INFO",TRUE
"GA1","d47d0175","SUPPORTS",TRUE
"GA1","b8545a72","NOT_ENOUGH_INFO",TRUE
"GA1","92dbdc95","NOT_ENOUGH_INFO",TRUE
"GA1","ae5ff11f","NOT_ENOUGH_INFO",TRUE
"GA1","d8b22d02","SUPPORTS",TRUE
"GA1","8bb34294","SUPPORTS",TRUE
