"id","set","assessment","granularity","scorer_config","keypaper","km","bm","claim_id","work_id","stratum","design","p_include","jev_label","jev_confidence","jev_uncertain","doi"
"GA1-A-0001","A","GA1","atomic_bm","jev_atomic_bm",FALSE,"A.","A2","bm_description-02","https://openalex.org/W4323046352","SUPPORTS/certain","balanced",0.000154593554221757,"SUPPORTS",0.97,FALSE,"https://doi.org/10.3390/cells12050793"
"GA1-A-0002","A","GA1","atomic_bm","jev_atomic_bm",FALSE,"B.","B5","bm_label-01","https://openalex.org/W2893647256","SUPPORTS/certain","balanced",0.000154593554221757,"SUPPORTS",0.86,FALSE,"https://doi.org/10.1111/jvs.12683"
"GA1-A-0003","A","GA1","atomic_bm","jev_atomic_bm",FALSE,"A.","A6","bm_description-08","https://openalex.org/W2945814767","SUPPORTS/certain","balanced",0.000154593554221757,"SUPPORTS",0.66,FALSE,"https://doi.org/10.1111/1365-2664.13407"
"GA1-A-0004","A","GA1","atomic_bm","jev_atomic_bm",FALSE,"B.","B5","bm_description-02","https://openalex.org/W3209676974","SUPPORTS/certain","balanced",0.000154593554221757,"SUPPORTS",0.64,FALSE,"https://doi.org/10.1061/9780784483589.006"
"GA1-A-0005","A","GA1","atomic_bm","jev_atomic_bm",FALSE,"A.","A1","bm_description-03","https://openalex.org/W4392813264","SUPPORTS/certain","balanced",0.000154593554221757,"SUPPORTS",0.88,FALSE,"https://doi.org/10.5194/essd-16-1333-2024"
"GA1-A-0006","A","GA1","atomic_bm","jev_atomic_bm",FALSE,"A.","A8","bm_description-03","https://openalex.org/W2112927551","SUPPORTS/certain","balanced",0.000154593554221757,"SUPPORTS",0.82,FALSE,"https://doi.org/10.1111/1365-2745.12318"
"GA1-A-0007","A","GA1","atomic_bm","jev_atomic_bm",FALSE,"A.","A2","bm_description-02","https://openalex.org/W3121534897","SUPPORTS/certain","balanced",0.000154593554221757,"SUPPORTS",0.79,FALSE,"https://doi.org/10.3389/fmed.2020.615858"
"GA1-A-0008","A","GA1","atomic_bm","jev_atomic_bm",FALSE,"A.","A2","bm_description-02","https://openalex.org/W2970894570","SUPPORTS/certain","balanced",0.000154593554221757,"SUPPORTS",0.66,FALSE,"https://doi.org/10.1101/750026"
"GA1-A-0009","A","GA1","atomic_bm","jev_atomic_bm",FALSE,"A.","A8","bm_description-03","https://openalex.org/W2115276310","SUPPORTS/certain","balanced",0.000154593554221757,"SUPPORTS",0.97,FALSE,"https://doi.org/10.1093/aob/mcq119"
"GA1-A-0010","A","GA1","atomic_bm","jev_atomic_bm",FALSE,"A.","A9","bm_description-03","https://openalex.org/W248477772","SUPPORTS/certain","balanced",0.000154593554221757,"SUPPORTS",0.91,FALSE,
"GA1-A-0011","A","GA1","atomic_bm","jev_atomic_bm",FALSE,"A.","A2","bm_description-02","https://openalex.org/W2924144420","SUPPORTS/certain","balanced",0.000154593554221757,"SUPPORTS",1,FALSE,"https://doi.org/10.3390/molecules24071220"
"GA1-A-0012","A","GA1","atomic_bm","jev_atomic_bm",FALSE,"A.","A2","bm_description-02","https://openalex.org/W4406909110","SUPPORTS/certain","balanced",0.000154593554221757,"SUPPORTS",0.86,FALSE,"https://doi.org/10.3390/applmicrobiol5010014"
"GA1-A-0013","A","GA1","atomic_bm","jev_atomic_bm",FALSE,"A.","A2","bm_description-02","https://openalex.org/W7166523524","SUPPORTS/certain","balanced",0.000154593554221757,"SUPPORTS",0.85,FALSE,"https://doi.org/10.1016/j.exger.2026.113223"
"GA1-A-0014","A","GA1","atomic_bm","jev_atomic_bm",FALSE,"A.","A2","bm_label-01","https://openalex.org/W4399606171","SUPPORTS/certain","balanced",0.000154593554221757,"SUPPORTS",0.91,FALSE,"https://doi.org/10.3390/foods13121851"
"GA1-A-0015","A","GA1","atomic_bm","jev_atomic_bm",FALSE,"A.","A2","bm_description-02","https://openalex.org/W3095271748","SUPPORTS/certain","balanced",0.000154593554221757,"SUPPORTS",0.67,FALSE,"https://doi.org/10.3389/fcimb.2020.558324"
"GA1-A-0016","A","GA1","atomic_bm","jev_atomic_bm",FALSE,"A.","A2","bm_label-02","https://openalex.org/W2346726342","SUPPORTS/certain","balanced",0.000154593554221757,"SUPPORTS",0.83,FALSE,"https://doi.org/10.1039/9781849732871-00001"
"GA1-A-0017","A","GA1","atomic_bm","jev_atomic_bm",FALSE,"A.","A2","bm_description-01","https://openalex.org/W4256630531","SUPPORTS/certain","balanced",0.000154593554221757,"SUPPORTS",0.91,FALSE,"https://doi.org/10.22270/jddt.v10i5.4322"
"GA1-A-0018","A","GA1","atomic_bm","jev_atomic_bm",FALSE,"B.","B5","bm_description-02","https://openalex.org/W4387113246","SUPPORTS/certain","balanced",0.000154593554221757,"SUPPORTS",0.64,FALSE,"https://doi.org/10.1093/femsec/fiad117"
"GA1-A-0019","A","GA1","atomic_bm","jev_atomic_bm",FALSE,"C.","C8","bm_description-06","https://openalex.org/W4396923322","SUPPORTS/certain","balanced",0.000154593554221757,"SUPPORTS",0.8,FALSE,"https://doi.org/10.1007/s12237-024-01354-7"
"GA1-A-0020","A","GA1","atomic_bm","jev_atomic_bm",FALSE,"A.","A2","bm_label-01","https://openalex.org/W2141447017","SUPPORTS/certain","balanced",0.000154593554221757,"SUPPORTS",0.88,FALSE,"https://doi.org/10.1002/ana.22344"
"GA1-A-0021","A","GA1","atomic_bm","jev_atomic_bm",FALSE,"A.","A2","bm_description-09","https://openalex.org/W2130045196","SUPPORTS/certain","balanced",0.000154593554221757,"SUPPORTS",0.91,FALSE,"https://doi.org/10.7717/peerj.1391"
"GA1-A-0022","A","GA1","atomic_bm","jev_atomic_bm",FALSE,"B.","B5","bm_description-01","https://openalex.org/W4281774387","SUPPORTS/certain","balanced",0.000154593554221757,"SUPPORTS",0.67,FALSE,"https://doi.org/10.1111/cobi.13964"
"GA1-A-0023","A","GA1","atomic_bm","jev_atomic_bm",FALSE,"D.","D8","bm_description-04","https://openalex.org/W2755906549","SUPPORTS/certain","balanced",0.000154593554221757,"SUPPORTS",0.88,FALSE,"https://doi.org/10.3733/ca.2017a0020"
"GA1-A-0024","A","GA1","atomic_bm","jev_atomic_bm",FALSE,"A.","A2","bm_label-01","https://openalex.org/W3036762856","SUPPORTS/certain","balanced",0.000154593554221757,"SUPPORTS",0.91,FALSE,"https://doi.org/10.3390/ijerph17124371"
"GA1-A-0025","A","GA1","atomic_bm","jev_atomic_bm",FALSE,"A.","A2","bm_description-06","https://openalex.org/W4319962474","SUPPORTS/certain","balanced",0.000154593554221757,"SUPPORTS",0.77,FALSE,"https://doi.org/10.1016/j.ibneur.2023.01.006"
"GA1-A-0026","A","GA1","atomic_bm","jev_atomic_bm",FALSE,"B.","B11","bm_description-02","https://openalex.org/W191163529","SUPPORTS/certain","balanced",0.000154593554221757,"SUPPORTS",0.97,FALSE,"https://doi.org/10.1017/cbo9781139107778.003"
"GA1-A-0027","A","GA1","atomic_bm","jev_atomic_bm",FALSE,"D.","D5","bm_description-01","https://openalex.org/W2789868896","SUPPORTS/certain","balanced",0.000154593554221757,"SUPPORTS",0.81,FALSE,"https://doi.org/10.1111/cobi.13082"
"GA1-A-0028","A","GA1","atomic_bm","jev_atomic_bm",FALSE,"A.","A2","bm_description-02","https://openalex.org/W4400832388","SUPPORTS/certain","balanced",0.000154593554221757,"SUPPORTS",0.73,FALSE,"https://doi.org/10.1186/s12866-024-03425-y"
"GA1-A-0029","A","GA1","atomic_bm","jev_atomic_bm",FALSE,"D.","D7","bm_description-03","https://openalex.org/W4405734440","SUPPORTS/certain","balanced",0.000154593554221757,"SUPPORTS",0.77,FALSE,"https://doi.org/10.1111/csp2.13256"
"GA1-A-0030","A","GA1","atomic_bm","jev_atomic_bm",FALSE,"A.","A2","bm_label-01","https://openalex.org/W2601013915","SUPPORTS/certain","balanced",0.000154593554221757,"SUPPORTS",0.86,FALSE,"https://doi.org/10.56617/tl.3637"
"GA1-A-0031","A","GA1","atomic_bm","jev_atomic_bm",FALSE,"A.","A8","bm_description-09","https://openalex.org/W4386888326","SUPPORTS/certain","balanced",0.000154593554221757,"SUPPORTS",0.82,FALSE,"https://doi.org/10.1007/s00227-023-04279-0"
"GA1-A-0032","A","GA1","atomic_bm","jev_atomic_bm",FALSE,"A.","A2","bm_label-01","https://openalex.org/W2797311297","SUPPORTS/certain","balanced",0.000154593554221757,"SUPPORTS",0.85,FALSE,"https://doi.org/10.1186/s13567-018-0511-4"
"GA1-A-0033","A","GA1","atomic_bm","jev_atomic_bm",FALSE,"D.","D5","bm_label-01","https://openalex.org/W4400335581","SUPPORTS/certain","balanced",0.000154593554221757,"SUPPORTS",0.74,FALSE,"https://doi.org/10.3389/fpsyt.2024.1374788"
"GA1-A-0034","A","GA1","atomic_bm","jev_atomic_bm",FALSE,"A.","A9","bm_description-01","https://openalex.org/W3047671685","SUPPORTS/certain","balanced",0.000154593554221757,"SUPPORTS",0.76,FALSE,"https://doi.org/10.1038/s42003-020-01156-0"
"GA1-A-0035","A","GA1","atomic_bm","jev_atomic_bm",FALSE,"B.","B4","bm_description-01","https://openalex.org/W2810394509","SUPPORTS/certain","balanced",0.000154593554221757,"SUPPORTS",0.88,FALSE,"https://doi.org/10.1051/matecconf/201817701015"
"GA1-A-0036","A","GA1","atomic_bm","jev_atomic_bm",FALSE,"A.","A9","bm_label-01","https://openalex.org/W3215064932","SUPPORTS/certain","balanced",0.000154593554221757,"SUPPORTS",1,FALSE,"https://doi.org/10.1093/plankt/fbab077"
"GA1-A-0037","A","GA1","atomic_bm","jev_atomic_bm",FALSE,"A.","A2","bm_description-02","https://openalex.org/W3016396428","SUPPORTS/certain","balanced",0.000154593554221757,"SUPPORTS",0.73,FALSE,"https://doi.org/10.1021/acs.jafc.0c00605"
"GA1-A-0038","A","GA1","atomic_bm","jev_atomic_bm",FALSE,"B.","B5","bm_label-01","https://openalex.org/W4360956065","SUPPORTS/certain","balanced",0.000154593554221757,"SUPPORTS",0.79,FALSE,"https://doi.org/10.1016/j.fecs.2023.100106"
"GA1-A-0039","A","GA1","atomic_bm","jev_atomic_bm",FALSE,"A.","A2","bm_label-01","https://openalex.org/W2883776434","SUPPORTS/certain","balanced",0.000154593554221757,"SUPPORTS",0.82,FALSE,"https://doi.org/10.1111/maq.12466"
"GA1-A-0040","A","GA1","atomic_bm","jev_atomic_bm",FALSE,"B.","B5","bm_label-01","https://openalex.org/W4383164301","SUPPORTS/certain","balanced",0.000154593554221757,"SUPPORTS",0.77,FALSE,"https://doi.org/10.3390/w15132458"
"GA1-A-0041","A","GA1","atomic_bm","jev_atomic_bm",FALSE,"C.","C6","bm_description-06","https://openalex.org/W4311913911","REFUTES/certain","balanced",0.00951022349025202,"REFUTES",0.74,FALSE,"https://doi.org/10.1029/2022ef002867"
"GA1-A-0042","A","GA1","atomic_bm","jev_atomic_bm",FALSE,"C.","C2","bm_description-02","https://openalex.org/W3003828444","REFUTES/certain","balanced",0.00951022349025202,"REFUTES",0.77,FALSE,"https://doi.org/10.20332/tvk-jnatconserv.2019.25.14"
"GA1-A-0043","A","GA1","atomic_bm","jev_atomic_bm",FALSE,"A.","A2","bm_description-01","https://openalex.org/W4214596978","REFUTES/certain","balanced",0.00951022349025202,"REFUTES",0.76,FALSE,"https://doi.org/10.20517/wecn.2021.05"
"GA1-A-0044","A","GA1","atomic_bm","jev_atomic_bm",FALSE,"B.","B10","bm_description-03","https://openalex.org/W2155957969","REFUTES/certain","balanced",0.00951022349025202,"REFUTES",0.67,FALSE,"https://doi.org/10.1186/1746-4269-2-20"
"GA1-A-0045","A","GA1","atomic_bm","jev_atomic_bm",FALSE,"C.","C6","bm_description-06","https://openalex.org/W3081171823","REFUTES/certain","balanced",0.00951022349025202,"REFUTES",0.78,FALSE,"https://doi.org/10.3390/f11090931"
"GA1-A-0046","A","GA1","atomic_bm","jev_atomic_bm",FALSE,"A.","A1","bm_description-04","https://openalex.org/W7203491772","REFUTES/certain","balanced",0.00951022349025202,"REFUTES",0.68,FALSE,"https://doi.org/10.1007/s10841-026-00809-5"
"GA1-A-0047","A","GA1","atomic_bm","jev_atomic_bm",FALSE,"A.","A2","bm_description-01","https://openalex.org/W2888109608","REFUTES/certain","balanced",0.00951022349025202,"REFUTES",0.85,FALSE,"https://doi.org/10.1016/j.sjbs.2018.08.015"
"GA1-A-0048","A","GA1","atomic_bm","jev_atomic_bm",FALSE,"A.","A8","bm_description-07","https://openalex.org/W7202192675","REFUTES/certain","balanced",0.00951022349025202,"REFUTES",0.68,FALSE,"https://doi.org/10.1098/rsos.260165"
"GA1-A-0049","A","GA1","atomic_bm","jev_atomic_bm",FALSE,"D.","D12","bm_label-01","https://openalex.org/W2220090771","REFUTES/certain","balanced",0.00951022349025202,"REFUTES",0.67,FALSE,"https://doi.org/10.1093/ajae/aav019"
"GA1-A-0050","A","GA1","atomic_bm","jev_atomic_bm",FALSE,"B.","B5","bm_description-02","https://openalex.org/W3193394112","REFUTES/certain","balanced",0.00951022349025202,"REFUTES",0.94,FALSE,"https://doi.org/10.1111/jeb.13916"
"GA1-A-0051","A","GA1","atomic_bm","jev_atomic_bm",FALSE,"C.","C6","bm_description-06","https://openalex.org/W4288430686","REFUTES/certain","balanced",0.00951022349025202,"REFUTES",0.65,FALSE,"https://doi.org/10.1088/1748-9326/ac84f1"
"GA1-A-0052","A","GA1","atomic_bm","jev_atomic_bm",FALSE,"A.","A8","bm_description-09","https://openalex.org/W1996126278","REFUTES/certain","balanced",0.00951022349025202,"REFUTES",0.72,FALSE,"https://doi.org/10.1086/658990"
"GA1-A-0053","A","GA1","atomic_bm","jev_atomic_bm",FALSE,"A.","A9","bm_label-01","https://openalex.org/W7127719495","REFUTES/certain","balanced",0.00951022349025202,"REFUTES",0.61,FALSE,"https://doi.org/10.1038/s41598-026-38363-4"
"GA1-A-0054","A","GA1","atomic_bm","jev_atomic_bm",FALSE,"A.","A2","bm_description-01","https://openalex.org/W2909853190","REFUTES/certain","balanced",0.00951022349025202,"REFUTES",0.67,FALSE,"https://doi.org/10.1080/20442041.2018.1510271"
"GA1-A-0055","A","GA1","atomic_bm","jev_atomic_bm",FALSE,"A.","A2","bm_description-01","https://openalex.org/W2054534384","REFUTES/certain","balanced",0.00951022349025202,"REFUTES",0.66,FALSE,"https://doi.org/10.1111/j.1467-2979.2012.00483.x"
"GA1-A-0056","A","GA1","atomic_bm","jev_atomic_bm",FALSE,"D.","D7","bm_description-01","https://openalex.org/W2982145686","REFUTES/certain","balanced",0.00951022349025202,"REFUTES",0.66,FALSE,"https://doi.org/10.1093/oso/9780190949389.003.0006"
"GA1-A-0057","A","GA1","atomic_bm","jev_atomic_bm",FALSE,"C.","C6","bm_description-06","https://openalex.org/W2888979937","REFUTES/certain","balanced",0.00951022349025202,"REFUTES",0.77,FALSE,"https://doi.org/10.1126/science.aat3466"
"GA1-A-0058","A","GA1","atomic_bm","jev_atomic_bm",FALSE,"A.","A6","bm_description-02","https://openalex.org/W3176489933","REFUTES/certain","balanced",0.00951022349025202,"REFUTES",0.67,FALSE,"https://doi.org/10.1016/j.ecolind.2021.107909"
"GA1-A-0059","A","GA1","atomic_bm","jev_atomic_bm",FALSE,"A.","A3","bm_description-06","https://openalex.org/W2140083156","REFUTES/certain","balanced",0.00951022349025202,"REFUTES",0.82,FALSE,"https://doi.org/10.1155/2013/241721"
"GA1-A-0060","A","GA1","atomic_bm","jev_atomic_bm",FALSE,"A.","A5","bm_description-05","https://openalex.org/W2085893811","REFUTES/certain","balanced",0.00951022349025202,"REFUTES",0.83,FALSE,"https://doi.org/10.1111/faf.12077"
"GA1-A-0061","A","GA1","atomic_bm","jev_atomic_bm",FALSE,"D.","D7","bm_description-01","https://openalex.org/W2614557560","REFUTES/certain","balanced",0.00951022349025202,"REFUTES",0.73,FALSE,
"GA1-A-0062","A","GA1","atomic_bm","jev_atomic_bm",FALSE,"A.","A2","bm_description-01","https://openalex.org/W4389420420","REFUTES/certain","balanced",0.00951022349025202,"REFUTES",0.66,FALSE,"https://doi.org/10.1088/1755-1315/1263/1/012043"
"GA1-A-0063","A","GA1","atomic_bm","jev_atomic_bm",FALSE,"A.","A2","bm_description-04","https://openalex.org/W1985822507","REFUTES/certain","balanced",0.00951022349025202,"REFUTES",0.7,FALSE,"https://doi.org/10.1289/ehp.1205513"
"GA1-A-0064","A","GA1","atomic_bm","jev_atomic_bm",FALSE,"B.","B5","bm_description-05","https://openalex.org/W4360955140","REFUTES/certain","balanced",0.00951022349025202,"REFUTES",0.61,FALSE,"https://doi.org/10.1016/j.scitotenv.2023.163107"
"GA1-A-0065","A","GA1","atomic_bm","jev_atomic_bm",FALSE,"A.","A2","bm_description-12","https://openalex.org/W3154370489","REFUTES/certain","balanced",0.00951022349025202,"REFUTES",0.7,FALSE,"https://doi.org/10.30604/jika.v6i1.412"
"GA1-A-0066","A","GA1","atomic_bm","jev_atomic_bm",FALSE,"C.","C6","bm_description-06","https://openalex.org/W4391060344","REFUTES/certain","balanced",0.00951022349025202,"REFUTES",0.87,FALSE,"https://doi.org/10.1002/joc.8371"
"GA1-A-0067","A","GA1","atomic_bm","jev_atomic_bm",FALSE,"C.","C6","bm_description-06","https://openalex.org/W7168286587","REFUTES/certain","balanced",0.00951022349025202,"REFUTES",0.7,FALSE,"https://doi.org/10.1371/journal.pclm.0000944"
"GA1-A-0068","A","GA1","atomic_bm","jev_atomic_bm",FALSE,"C.","C2","bm_label-01","https://openalex.org/W4414739921","REFUTES/certain","balanced",0.00951022349025202,"REFUTES",0.76,FALSE,"https://doi.org/10.1101/2025.09.30.679339"
"GA1-A-0069","A","GA1","atomic_bm","jev_atomic_bm",FALSE,"A.","A2","bm_description-01","https://openalex.org/W3118135320","REFUTES/certain","balanced",0.00951022349025202,"REFUTES",0.72,FALSE,"https://doi.org/10.1080/10807039.2020.1855576"
"GA1-A-0070","A","GA1","atomic_bm","jev_atomic_bm",FALSE,"C.","C6","bm_description-06","https://openalex.org/W2946891987","REFUTES/certain","balanced",0.00951022349025202,"REFUTES",0.85,FALSE,"https://doi.org/10.1371/journal.pone.0217148"
"GA1-A-0071","A","GA1","atomic_bm","jev_atomic_bm",FALSE,"A.","A2","bm_description-01","https://openalex.org/W4221116115","REFUTES/certain","balanced",0.00951022349025202,"REFUTES",0.62,FALSE,"https://doi.org/10.4194/trjfas20253"
"GA1-A-0072","A","GA1","atomic_bm","jev_atomic_bm",FALSE,"D.","D7","bm_description-01","https://openalex.org/W2980998859","REFUTES/certain","balanced",0.00951022349025202,"REFUTES",0.8,FALSE,"https://doi.org/10.53556/rec.v53i0.44"
"GA1-A-0073","A","GA1","atomic_bm","jev_atomic_bm",FALSE,"C.","C6","bm_description-06","https://openalex.org/W2895176044","REFUTES/certain","balanced",0.00951022349025202,"REFUTES",0.61,FALSE,"https://doi.org/10.1029/2018gb005883"
"GA1-A-0074","A","GA1","atomic_bm","jev_atomic_bm",FALSE,"A.","A4","bm_description-06","https://openalex.org/W3126001561","REFUTES/certain","balanced",0.00951022349025202,"REFUTES",0.67,FALSE,"https://doi.org/10.20944/preprints201803.0233.v1"
"GA1-A-0075","A","GA1","atomic_bm","jev_atomic_bm",FALSE,"C.","C6","bm_description-06","https://openalex.org/W1996833607","REFUTES/certain","balanced",0.00951022349025202,"REFUTES",0.69,FALSE,"https://doi.org/10.5194/bg-10-3767-2013"
"GA1-A-0076","A","GA1","atomic_bm","jev_atomic_bm",FALSE,"A.","A8","bm_description-09","https://openalex.org/W2576613397","REFUTES/certain","balanced",0.00951022349025202,"REFUTES",0.85,FALSE,"https://doi.org/10.1111/oik.03661"
"GA1-A-0077","A","GA1","atomic_bm","jev_atomic_bm",FALSE,"A.","A8","bm_description-07","https://openalex.org/W2944138499","REFUTES/certain","balanced",0.00951022349025202,"REFUTES",0.85,FALSE,"https://doi.org/10.1016/j.pecon.2019.04.004"
"GA1-A-0078","A","GA1","atomic_bm","jev_atomic_bm",FALSE,"B.","B5","bm_description-02","https://openalex.org/W2132051242","REFUTES/certain","balanced",0.00951022349025202,"REFUTES",0.79,FALSE,"https://doi.org/10.1017/s0376892914000137"
"GA1-A-0079","A","GA1","atomic_bm","jev_atomic_bm",FALSE,"A.","A9","bm_label-01","https://openalex.org/W4412013914","REFUTES/certain","balanced",0.00951022349025202,"REFUTES",0.62,FALSE,"https://doi.org/10.1002/ecy.70149"
"GA1-A-0080","A","GA1","atomic_bm","jev_atomic_bm",FALSE,"A.","A8","bm_description-03","https://openalex.org/W2472530548","REFUTES/certain","balanced",0.00951022349025202,"REFUTES",0.74,FALSE,"https://doi.org/10.1111/aec.12403"
"GA1-A-0081","A","GA1","atomic_bm","jev_atomic_bm",FALSE,"B.","B5","bm_description-06","https://openalex.org/W4391033295","NOT_ENOUGH_INFO/certain","balanced",3.48461772131961e-06,"NOT_ENOUGH_INFO",0.86,FALSE,"https://doi.org/10.3389/fbirs.2024.1214800"
"GA1-A-0082","A","GA1","atomic_bm","jev_atomic_bm",FALSE,"A.","A6","bm_description-01","https://openalex.org/W4312118710","NOT_ENOUGH_INFO/certain","balanced",3.48461772131961e-06,"NOT_ENOUGH_INFO",1,FALSE,"https://doi.org/10.22541/au.167179420.03796293/v1"
"GA1-A-0083","A","GA1","atomic_bm","jev_atomic_bm",FALSE,"B.","B10","bm_description-03","https://openalex.org/W2327071080","NOT_ENOUGH_INFO/certain","balanced",3.48461772131961e-06,"NOT_ENOUGH_INFO",1,FALSE,"https://doi.org/10.1093/wber/lhw022"
"GA1-A-0084","A","GA1","atomic_bm","jev_atomic_bm",FALSE,"A.","A8","bm_description-01","https://openalex.org/W7162808023","NOT_ENOUGH_INFO/certain","balanced",3.48461772131961e-06,"NOT_ENOUGH_INFO",1,FALSE,"https://doi.org/10.1079/cabionehealth.2026.0013"
"GA1-A-0085","A","GA1","atomic_bm","jev_atomic_bm",FALSE,"A.","A1","bm_description-05","https://openalex.org/W3095035863","NOT_ENOUGH_INFO/certain","balanced",3.48461772131961e-06,"NOT_ENOUGH_INFO",1,FALSE,"https://doi.org/10.3390/su12219035"
"GA1-A-0086","A","GA1","atomic_bm","jev_atomic_bm",FALSE,"A.","A8","bm_description-06","https://openalex.org/W1980798371","NOT_ENOUGH_INFO/certain","balanced",3.48461772131961e-06,"NOT_ENOUGH_INFO",1,FALSE,"https://doi.org/10.3354/meps08916"
"GA1-A-0087","A","GA1","atomic_bm","jev_atomic_bm",FALSE,"A.","A1","bm_label-02","https://openalex.org/W2784264325","NOT_ENOUGH_INFO/certain","balanced",3.48461772131961e-06,"NOT_ENOUGH_INFO",0.95,FALSE,"https://doi.org/10.5620/eht.e2018004"
"GA1-A-0088","A","GA1","atomic_bm","jev_atomic_bm",FALSE,"C.","C8","bm_label-01","https://openalex.org/W2160743115","NOT_ENOUGH_INFO/certain","balanced",3.48461772131961e-06,"NOT_ENOUGH_INFO",0.93,FALSE,"https://doi.org/10.1890/10-1325.1"
"GA1-A-0089","A","GA1","atomic_bm","jev_atomic_bm",FALSE,"A.","A2","bm_description-10","https://openalex.org/W4404833605","NOT_ENOUGH_INFO/certain","balanced",3.48461772131961e-06,"NOT_ENOUGH_INFO",0.91,FALSE,"https://doi.org/10.4236/gep.2024.1211012"
"GA1-A-0090","A","GA1","atomic_bm","jev_atomic_bm",FALSE,"D.","D7","bm_label-01","https://openalex.org/W4404478943","NOT_ENOUGH_INFO/certain","balanced",3.48461772131961e-06,"NOT_ENOUGH_INFO",0.82,FALSE,"https://doi.org/10.1016/j.rama.2024.08.032"
"GA1-A-0091","A","GA1","atomic_bm","jev_atomic_bm",FALSE,"A.","A1","bm_label-01","https://openalex.org/W4250086195","NOT_ENOUGH_INFO/certain","balanced",3.48461772131961e-06,"NOT_ENOUGH_INFO",1,FALSE,"https://doi.org/10.1787/e9a74d07-en"
"GA1-A-0092","A","GA1","atomic_bm","jev_atomic_bm",FALSE,"D.","D10","bm_description-01","https://openalex.org/W3083093764","NOT_ENOUGH_INFO/certain","balanced",3.48461772131961e-06,"NOT_ENOUGH_INFO",0.98,FALSE,"https://doi.org/10.1111/gcb.15335"
"GA1-A-0093","A","GA1","atomic_bm","jev_atomic_bm",FALSE,"A.","A2","bm_label-02","https://openalex.org/W4316669086","NOT_ENOUGH_INFO/certain","balanced",3.48461772131961e-06,"NOT_ENOUGH_INFO",0.85,FALSE,"https://doi.org/10.1002/jat.4437"
"GA1-A-0094","A","GA1","atomic_bm","jev_atomic_bm",FALSE,"A.","A8","bm_description-05","https://openalex.org/W2331941081","NOT_ENOUGH_INFO/certain","balanced",3.48461772131961e-06,"NOT_ENOUGH_INFO",1,FALSE,"https://doi.org/10.2307/3544101"
"GA1-A-0095","A","GA1","atomic_bm","jev_atomic_bm",FALSE,"B.","B3","bm_description-05","https://openalex.org/W3206002992","NOT_ENOUGH_INFO/certain","balanced",3.48461772131961e-06,"NOT_ENOUGH_INFO",1,FALSE,"https://doi.org/10.1371/journal.pbio.3001413"
"GA1-A-0096","A","GA1","atomic_bm","jev_atomic_bm",FALSE,"B.","B10","bm_label-01","https://openalex.org/W7147214568","NOT_ENOUGH_INFO/certain","balanced",3.48461772131961e-06,"NOT_ENOUGH_INFO",1,FALSE,"https://doi.org/10.1080/08911762.2026.2638702"
"GA1-A-0097","A","GA1","atomic_bm","jev_atomic_bm",FALSE,"C.","C2","bm_description-01","https://openalex.org/W4414427910","NOT_ENOUGH_INFO/certain","balanced",3.48461772131961e-06,"NOT_ENOUGH_INFO",1,FALSE,"https://doi.org/10.1080/10871209.2025.2561719"
"GA1-A-0098","A","GA1","atomic_bm","jev_atomic_bm",FALSE,"A.","A2","bm_description-06","https://openalex.org/W4408613878","NOT_ENOUGH_INFO/certain","balanced",3.48461772131961e-06,"NOT_ENOUGH_INFO",0.98,FALSE,"https://doi.org/10.4018/979-8-3693-7432-0.ch008"
"GA1-A-0099","A","GA1","atomic_bm","jev_atomic_bm",FALSE,"C.","C6","bm_description-06","https://openalex.org/W4413964989","NOT_ENOUGH_INFO/certain","balanced",3.48461772131961e-06,"NOT_ENOUGH_INFO",0.99,FALSE,"https://doi.org/10.1101/2025.09.01.673359"
"GA1-A-0100","A","GA1","atomic_bm","jev_atomic_bm",FALSE,"A.","A3","bm_label-01","https://openalex.org/W3156654863","NOT_ENOUGH_INFO/certain","balanced",3.48461772131961e-06,"NOT_ENOUGH_INFO",1,FALSE,"https://doi.org/10.5772/intechopen.96713"
"GA1-A-0101","A","GA1","atomic_bm","jev_atomic_bm",FALSE,"A.","A8","bm_description-01","https://openalex.org/W2112887081","NOT_ENOUGH_INFO/certain","balanced",3.48461772131961e-06,"NOT_ENOUGH_INFO",0.97,FALSE,"https://doi.org/10.1071/wr15050"
"GA1-A-0102","A","GA1","atomic_bm","jev_atomic_bm",FALSE,"D.","D11","bm_description-04","https://openalex.org/W3083642417","NOT_ENOUGH_INFO/certain","balanced",3.48461772131961e-06,"NOT_ENOUGH_INFO",1,FALSE,"https://doi.org/10.1039/d0ta07436e"
"GA1-A-0103","A","GA1","atomic_bm","jev_atomic_bm",FALSE,"B.","B10","bm_description-06","https://openalex.org/W4416540143","NOT_ENOUGH_INFO/certain","balanced",3.48461772131961e-06,"NOT_ENOUGH_INFO",1,FALSE,"https://doi.org/10.1016/j.treng.2025.100401"
"GA1-A-0104","A","GA1","atomic_bm","jev_atomic_bm",FALSE,"A.","A7","bm_description-01","https://openalex.org/W4311843677","NOT_ENOUGH_INFO/certain","balanced",3.48461772131961e-06,"NOT_ENOUGH_INFO",0.94,FALSE,"https://doi.org/10.1111/eff.12693"
"GA1-A-0105","A","GA1","atomic_bm","jev_atomic_bm",FALSE,"A.","A1","bm_label-02","https://openalex.org/W3190075195","NOT_ENOUGH_INFO/certain","balanced",3.48461772131961e-06,"NOT_ENOUGH_INFO",1,FALSE,"https://doi.org/10.1017/9781108635356.007"
"GA1-A-0106","A","GA1","atomic_bm","jev_atomic_bm",FALSE,"B.","B3","bm_description-03","https://openalex.org/W4389560196","NOT_ENOUGH_INFO/certain","balanced",3.48461772131961e-06,"NOT_ENOUGH_INFO",1,FALSE,"https://doi.org/10.1016/j.ecoleng.2023.107158"
"GA1-A-0107","A","GA1","atomic_bm","jev_atomic_bm",FALSE,"C.","C7","bm_description-05","https://openalex.org/W2743691158","NOT_ENOUGH_INFO/certain","balanced",3.48461772131961e-06,"NOT_ENOUGH_INFO",0.98,FALSE,"https://doi.org/10.1017/s002531541700087x"
"GA1-A-0108","A","GA1","atomic_bm","jev_atomic_bm",FALSE,"B.","B3","bm_description-08","https://openalex.org/W3208011952","NOT_ENOUGH_INFO/certain","balanced",3.48461772131961e-06,"NOT_ENOUGH_INFO",1,FALSE,"https://doi.org/10.1017/9781316647554.051"
"GA1-A-0109","A","GA1","atomic_bm","jev_atomic_bm",FALSE,"B.","B5","bm_description-08","https://openalex.org/W4311439513","NOT_ENOUGH_INFO/certain","balanced",3.48461772131961e-06,"NOT_ENOUGH_INFO",1,FALSE,"https://doi.org/10.1371/journal.pone.0278866"
"GA1-A-0110","A","GA1","atomic_bm","jev_atomic_bm",FALSE,"A.","A2","bm_description-06","https://openalex.org/W4412932060","NOT_ENOUGH_INFO/certain","balanced",3.48461772131961e-06,"NOT_ENOUGH_INFO",1,FALSE,"https://doi.org/10.1057/s41599-025-05315-8"
"GA1-A-0111","A","GA1","atomic_bm","jev_atomic_bm",FALSE,"A.","A2","bm_description-09","https://openalex.org/W2595158987","NOT_ENOUGH_INFO/certain","balanced",3.48461772131961e-06,"NOT_ENOUGH_INFO",1,FALSE,"https://doi.org/10.3390/environments4010024"
"GA1-A-0112","A","GA1","atomic_bm","jev_atomic_bm",FALSE,"A.","A2","bm_description-08","https://openalex.org/W3040838468","NOT_ENOUGH_INFO/certain","balanced",3.48461772131961e-06,"NOT_ENOUGH_INFO",0.97,FALSE,"https://doi.org/10.33448/rsd-v9i8.5682"
"GA1-A-0113","A","GA1","atomic_bm","jev_atomic_bm",FALSE,"B.","B3","bm_description-04","https://openalex.org/W2889669470","NOT_ENOUGH_INFO/certain","balanced",3.48461772131961e-06,"NOT_ENOUGH_INFO",1,FALSE,"https://doi.org/10.1111/faf.12321"
"GA1-A-0114","A","GA1","atomic_bm","jev_atomic_bm",FALSE,"A.","A7","bm_description-05","https://openalex.org/W2560463826","NOT_ENOUGH_INFO/certain","balanced",3.48461772131961e-06,"NOT_ENOUGH_INFO",1,FALSE,"https://doi.org/10.1111/cobi.12876"
"GA1-A-0115","A","GA1","atomic_bm","jev_atomic_bm",FALSE,"A.","A8","bm_label-01","https://openalex.org/W4319871811","NOT_ENOUGH_INFO/certain","balanced",3.48461772131961e-06,"NOT_ENOUGH_INFO",1,FALSE,"https://doi.org/10.58809/hndq9275"
"GA1-A-0116","A","GA1","atomic_bm","jev_atomic_bm",FALSE,"C.","C5","bm_description-02","https://openalex.org/W4311958017","NOT_ENOUGH_INFO/certain","balanced",3.48461772131961e-06,"NOT_ENOUGH_INFO",1,FALSE,"https://doi.org/10.1371/journal.pbio.3001921"
"GA1-A-0117","A","GA1","atomic_bm","jev_atomic_bm",FALSE,"A.","A5","bm_description-03","https://openalex.org/W2960385878","NOT_ENOUGH_INFO/certain","balanced",3.48461772131961e-06,"NOT_ENOUGH_INFO",1,FALSE,
"GA1-A-0118","A","GA1","atomic_bm","jev_atomic_bm",FALSE,"A.","A1","bm_description-01","https://openalex.org/W7139945305","NOT_ENOUGH_INFO/certain","balanced",3.48461772131961e-06,"NOT_ENOUGH_INFO",1,FALSE,"https://doi.org/10.22258/hgh.2022.61.110"
"GA1-A-0119","A","GA1","atomic_bm","jev_atomic_bm",FALSE,"B.","B3","bm_label-01","https://openalex.org/W2174528938","NOT_ENOUGH_INFO/certain","balanced",3.48461772131961e-06,"NOT_ENOUGH_INFO",1,FALSE,"https://doi.org/10.3161/104.062.0407"
"GA1-A-0120","A","GA1","atomic_bm","jev_atomic_bm",FALSE,"C.","C5","bm_description-01","https://openalex.org/W2047712905","NOT_ENOUGH_INFO/certain","balanced",3.48461772131961e-06,"NOT_ENOUGH_INFO",1,FALSE,"https://doi.org/10.1007/s00382-012-1505-y"
"GA1-A-0121","A","GA1","atomic_bm","jev_atomic_bm",FALSE,"A.","A2","bm_label-02","https://openalex.org/W4402748454","SUPPORTS/uncertain","balanced",0.00012171002586338,"SUPPORTS",0.49,TRUE,"https://doi.org/10.5772/intechopen.1006494"
"GA1-A-0122","A","GA1","atomic_bm","jev_atomic_bm",FALSE,"D.","D6","bm_description-01","https://openalex.org/W4380225195","SUPPORTS/uncertain","balanced",0.00012171002586338,"SUPPORTS",0.56,TRUE,"https://doi.org/10.3390/plants12112149"
"GA1-A-0123","A","GA1","atomic_bm","jev_atomic_bm",FALSE,"A.","A1","bm_label-01","https://openalex.org/W7203932365","SUPPORTS/uncertain","balanced",0.00012171002586338,"SUPPORTS",0.4,TRUE,"https://doi.org/10.1093/ee/nvag086"
"GA1-A-0124","A","GA1","atomic_bm","jev_atomic_bm",FALSE,"D.","D11","bm_label-01","https://openalex.org/W2053179966","SUPPORTS/uncertain","balanced",0.00012171002586338,"SUPPORTS",0.53,TRUE,"https://doi.org/10.1080/15387216.2014.926254"
"GA1-A-0125","A","GA1","atomic_bm","jev_atomic_bm",FALSE,"B.","B5","bm_description-05","https://openalex.org/W4404981404","SUPPORTS/uncertain","balanced",0.00012171002586338,"SUPPORTS",0.58,TRUE,"https://doi.org/10.1101/2024.11.27.625604"
"GA1-A-0126","A","GA1","atomic_bm","jev_atomic_bm",FALSE,"A.","A2","bm_label-02","https://openalex.org/W2092282648","SUPPORTS/uncertain","balanced",0.00012171002586338,"SUPPORTS",0.3,TRUE,"https://doi.org/10.1089/jmf.2011.0213"
"GA1-A-0127","A","GA1","atomic_bm","jev_atomic_bm",FALSE,"A.","A2","bm_description-02","https://openalex.org/W7171384837","SUPPORTS/uncertain","balanced",0.00012171002586338,"SUPPORTS",0.39,TRUE,"https://doi.org/10.1073/pnas.2605226123"
"GA1-A-0128","A","GA1","atomic_bm","jev_atomic_bm",FALSE,"A.","A8","bm_description-04","https://openalex.org/W4413077650","SUPPORTS/uncertain","balanced",0.00012171002586338,"SUPPORTS",0.27,TRUE,"https://doi.org/10.1111/icad.12856"
"GA1-A-0129","A","GA1","atomic_bm","jev_atomic_bm",FALSE,"A.","A9","bm_description-09","https://openalex.org/W2117996891","SUPPORTS/uncertain","balanced",0.00012171002586338,"SUPPORTS",0.31,TRUE,"https://doi.org/10.1111/gcb.12387"
"GA1-A-0130","A","GA1","atomic_bm","jev_atomic_bm",FALSE,"A.","A8","bm_description-04","https://openalex.org/W2138605014","SUPPORTS/uncertain","balanced",0.00012171002586338,"SUPPORTS",0.28,TRUE,"https://doi.org/10.1111/j.1472-4642.2007.00391.x"
"GA1-A-0131","A","GA1","atomic_bm","jev_atomic_bm",FALSE,"A.","A2","bm_description-05","https://openalex.org/W2562556451","SUPPORTS/uncertain","balanced",0.00012171002586338,"SUPPORTS",0.58,TRUE,"https://doi.org/10.15666/aeer/1301_021036"
"GA1-A-0132","A","GA1","atomic_bm","jev_atomic_bm",FALSE,"D.","D7","bm_description-03","https://openalex.org/W2543412074","SUPPORTS/uncertain","balanced",0.00012171002586338,"SUPPORTS",0.43,TRUE,"https://doi.org/10.3390/land5040035"
"GA1-A-0133","A","GA1","atomic_bm","jev_atomic_bm",FALSE,"D.","D12","bm_description-04","https://openalex.org/W2758490723","SUPPORTS/uncertain","balanced",0.00012171002586338,"SUPPORTS",0.34,TRUE,"https://doi.org/10.4000/echogeo.15035"
"GA1-A-0134","A","GA1","atomic_bm","jev_atomic_bm",FALSE,"D.","D5","bm_description-01","https://openalex.org/W244099713","SUPPORTS/uncertain","balanced",0.00012171002586338,"SUPPORTS",0.25,TRUE,
"GA1-A-0135","A","GA1","atomic_bm","jev_atomic_bm",FALSE,"D.","D5","bm_description-01","https://openalex.org/W2626837063","SUPPORTS/uncertain","balanced",0.00012171002586338,"SUPPORTS",0.28,TRUE,"https://doi.org/10.1038/s41598-017-04155-0"
"GA1-A-0136","A","GA1","atomic_bm","jev_atomic_bm",FALSE,"D.","D5","bm_label-01","https://openalex.org/W3121340597","SUPPORTS/uncertain","balanced",0.00012171002586338,"SUPPORTS",0.49,TRUE,
"GA1-A-0137","A","GA1","atomic_bm","jev_atomic_bm",FALSE,"A.","A2","bm_description-05","https://openalex.org/W2995690581","SUPPORTS/uncertain","balanced",0.00012171002586338,"SUPPORTS",0.58,TRUE,"https://doi.org/10.2174/0929867327666191213110551"
"GA1-A-0138","A","GA1","atomic_bm","jev_atomic_bm",FALSE,"D.","D12","bm_label-02","https://openalex.org/W4367295890","SUPPORTS/uncertain","balanced",0.00012171002586338,"SUPPORTS",0.34,TRUE,"https://doi.org/10.1016/j.enpol.2023.113589"
"GA1-A-0139","A","GA1","atomic_bm","jev_atomic_bm",FALSE,"A.","A2","bm_description-11","https://openalex.org/W3032336541","SUPPORTS/uncertain","balanced",0.00012171002586338,"SUPPORTS",0.37,TRUE,"https://doi.org/10.1101/2020.05.31.20118752"
"GA1-A-0140","A","GA1","atomic_bm","jev_atomic_bm",FALSE,"A.","A1","bm_label-01","https://openalex.org/W2906958564","SUPPORTS/uncertain","balanced",0.00012171002586338,"SUPPORTS",0.35,TRUE,"https://doi.org/10.1007/s40333-019-0050-5"
"GA1-A-0141","A","GA1","atomic_bm","jev_atomic_bm",FALSE,"A.","A2","bm_description-02","https://openalex.org/W2513667430","SUPPORTS/uncertain","balanced",0.00012171002586338,"SUPPORTS",0.56,TRUE,"https://doi.org/10.3390/app6090252"
"GA1-A-0142","A","GA1","atomic_bm","jev_atomic_bm",FALSE,"D.","D5","bm_label-01","https://openalex.org/W4200380859","SUPPORTS/uncertain","balanced",0.00012171002586338,"SUPPORTS",0.59,TRUE,"https://doi.org/10.1080/09613218.2021.2012119"
"GA1-A-0143","A","GA1","atomic_bm","jev_atomic_bm",FALSE,"D.","D11","bm_description-02","https://openalex.org/W2919359041","SUPPORTS/uncertain","balanced",0.00012171002586338,"SUPPORTS",0.27,TRUE,"https://doi.org/10.1088/1755-1315/227/6/062041"
"GA1-A-0144","A","GA1","atomic_bm","jev_atomic_bm",FALSE,"A.","A2","bm_description-05","https://openalex.org/W4407695264","SUPPORTS/uncertain","balanced",0.00012171002586338,"SUPPORTS",0.37,TRUE,"https://doi.org/10.1016/j.scitotenv.2025.178810"
"GA1-A-0145","A","GA1","atomic_bm","jev_atomic_bm",FALSE,"D.","D7","bm_description-03","https://openalex.org/W2036097664","SUPPORTS/uncertain","balanced",0.00012171002586338,"SUPPORTS",0.49,TRUE,"https://doi.org/10.1080/13504509.2011.592551"
"GA1-A-0146","A","GA1","atomic_bm","jev_atomic_bm",FALSE,"A.","A2","bm_description-03","https://openalex.org/W4387765815","SUPPORTS/uncertain","balanced",0.00012171002586338,"SUPPORTS",0.4,TRUE,"https://doi.org/10.1111/gcb.16990"
"GA1-A-0147","A","GA1","atomic_bm","jev_atomic_bm",FALSE,"A.","A8","bm_description-09","https://openalex.org/W2981419816","SUPPORTS/uncertain","balanced",0.00012171002586338,"SUPPORTS",0.58,TRUE,"https://doi.org/10.18174/496549"
"GA1-A-0148","A","GA1","atomic_bm","jev_atomic_bm",FALSE,"A.","A1","bm_label-01","https://openalex.org/W4376615783","SUPPORTS/uncertain","balanced",0.00012171002586338,"SUPPORTS",0.33,TRUE,"https://doi.org/10.1017/wat.2023.1"
"GA1-A-0149","A","GA1","atomic_bm","jev_atomic_bm",FALSE,"A.","A2","bm_description-05","https://openalex.org/W3206403964","SUPPORTS/uncertain","balanced",0.00012171002586338,"SUPPORTS",0.53,TRUE,"https://doi.org/10.1016/j.scitotenv.2021.151127"
"GA1-A-0150","A","GA1","atomic_bm","jev_atomic_bm",FALSE,"A.","A2","bm_label-02","https://openalex.org/W2913362708","SUPPORTS/uncertain","balanced",0.00012171002586338,"SUPPORTS",0.38,TRUE,
"GA1-A-0151","A","GA1","atomic_bm","jev_atomic_bm",FALSE,"C.","C6","bm_description-01","https://openalex.org/W4404598050","SUPPORTS/uncertain","balanced",0.00012171002586338,"SUPPORTS",0.38,TRUE,"https://doi.org/10.1111/acv.12999"
"GA1-A-0152","A","GA1","atomic_bm","jev_atomic_bm",FALSE,"A.","A2","bm_label-01","https://openalex.org/W3208454676","SUPPORTS/uncertain","balanced",0.00012171002586338,"SUPPORTS",0.28,TRUE,"https://doi.org/10.3389/fcimb.2021.572752"
"GA1-A-0153","A","GA1","atomic_bm","jev_atomic_bm",FALSE,"B.","B5","bm_description-02","https://openalex.org/W3133558406","SUPPORTS/uncertain","balanced",0.00012171002586338,"SUPPORTS",0.43,TRUE,"https://doi.org/10.3389/fevo.2021.590073"
"GA1-A-0154","A","GA1","atomic_bm","jev_atomic_bm",FALSE,"C.","C8","bm_description-06","https://openalex.org/W7124131197","SUPPORTS/uncertain","balanced",0.00012171002586338,"SUPPORTS",0.51,TRUE,"https://doi.org/10.47193/mafis.3922026010404"
"GA1-A-0155","A","GA1","atomic_bm","jev_atomic_bm",FALSE,"D.","D6","bm_description-01","https://openalex.org/W4200275354","SUPPORTS/uncertain","balanced",0.00012171002586338,"SUPPORTS",0.49,TRUE,"https://doi.org/10.1016/j.ecolind.2021.108452"
"GA1-A-0156","A","GA1","atomic_bm","jev_atomic_bm",FALSE,"A.","A6","bm_description-08","https://openalex.org/W4291963967","SUPPORTS/uncertain","balanced",0.00012171002586338,"SUPPORTS",0.35,TRUE,"https://doi.org/10.1111/mec.16659"
"GA1-A-0157","A","GA1","atomic_bm","jev_atomic_bm",FALSE,"A.","A2","bm_description-01","https://openalex.org/W3209755113","SUPPORTS/uncertain","balanced",0.00012171002586338,"SUPPORTS",0.13,TRUE,"https://doi.org/10.5772/intechopen.100770"
"GA1-A-0158","A","GA1","atomic_bm","jev_atomic_bm",FALSE,"D.","D7","bm_description-01","https://openalex.org/W4389376179","SUPPORTS/uncertain","balanced",0.00012171002586338,"SUPPORTS",0.27,TRUE,"https://doi.org/10.4324/9781003363101-9"
"GA1-A-0159","A","GA1","atomic_bm","jev_atomic_bm",FALSE,"A.","A8","bm_label-01","https://openalex.org/W4316653872","SUPPORTS/uncertain","balanced",0.00012171002586338,"SUPPORTS",0.46,TRUE,"https://doi.org/10.1101/2023.01.12.523866"
"GA1-A-0160","A","GA1","atomic_bm","jev_atomic_bm",FALSE,"B.","B5","bm_description-01","https://openalex.org/W1992058697","SUPPORTS/uncertain","balanced",0.00012171002586338,"SUPPORTS",0.36,TRUE,"https://doi.org/10.1670/09-180.1"
"GA1-A-0161","A","GA1","atomic_bm","jev_atomic_bm",FALSE,"C.","C5","bm_description-04","https://openalex.org/W7165030722","REFUTES/uncertain","balanced",0.00353731871241599,"REFUTES",0.27,TRUE,"https://doi.org/10.1016/j.geoderma.2026.117903"
"GA1-A-0162","A","GA1","atomic_bm","jev_atomic_bm",FALSE,"A.","A3","bm_description-06","https://openalex.org/W2160748387","REFUTES/uncertain","balanced",0.00353731871241599,"REFUTES",0.31,TRUE,"https://doi.org/10.1002/chem.201500839"
"GA1-A-0163","A","GA1","atomic_bm","jev_atomic_bm",FALSE,"A.","A9","bm_description-03","https://openalex.org/W2910400213","REFUTES/uncertain","balanced",0.00353731871241599,"REFUTES",0.51,TRUE,"https://doi.org/10.1111/eva.12763"
"GA1-A-0164","A","GA1","atomic_bm","jev_atomic_bm",FALSE,"C.","C2","bm_description-02","https://openalex.org/W2112389142","REFUTES/uncertain","balanced",0.00353731871241599,"REFUTES",0.33,TRUE,"https://doi.org/10.1111/j.1461-0248.2008.01153.x"
"GA1-A-0165","A","GA1","atomic_bm","jev_atomic_bm",FALSE,"A.","A2","bm_description-01","https://openalex.org/W4406821624","REFUTES/uncertain","balanced",0.00353731871241599,"REFUTES",0.34,TRUE,"https://doi.org/10.1093/inteam/vjaf011"
"GA1-A-0166","A","GA1","atomic_bm","jev_atomic_bm",FALSE,"C.","C6","bm_description-06","https://openalex.org/W4403446039","REFUTES/uncertain","balanced",0.00353731871241599,"REFUTES",0.46,TRUE,"https://doi.org/10.1101/pdb.top108467"
"GA1-A-0167","A","GA1","atomic_bm","jev_atomic_bm",FALSE,"D.","D7","bm_description-01","https://openalex.org/W4319317665","REFUTES/uncertain","balanced",0.00353731871241599,"REFUTES",0.46,TRUE,"https://doi.org/10.3390/su15032834"
"GA1-A-0168","A","GA1","atomic_bm","jev_atomic_bm",FALSE,"B.","B5","bm_description-02","https://openalex.org/W2534373838","REFUTES/uncertain","balanced",0.00353731871241599,"REFUTES",0.43,TRUE,"https://doi.org/10.1098/rstb.2015.0458"
"GA1-A-0169","A","GA1","atomic_bm","jev_atomic_bm",FALSE,"C.","C6","bm_description-04","https://openalex.org/W4414033502","REFUTES/uncertain","balanced",0.00353731871241599,"REFUTES",0.32,TRUE,"https://doi.org/10.1002/lno.70195"
"GA1-A-0170","A","GA1","atomic_bm","jev_atomic_bm",FALSE,"A.","A8","bm_description-04","https://openalex.org/W3132608317","REFUTES/uncertain","balanced",0.00353731871241599,"REFUTES",0.04,TRUE,"https://doi.org/10.1111/jzo.12873"
"GA1-A-0171","A","GA1","atomic_bm","jev_atomic_bm",FALSE,"A.","A8","bm_description-09","https://openalex.org/W7125521084","REFUTES/uncertain","balanced",0.00353731871241599,"REFUTES",0.27,TRUE,"https://doi.org/10.1071/mf24132"
"GA1-A-0172","A","GA1","atomic_bm","jev_atomic_bm",FALSE,"D.","D5","bm_description-01","https://openalex.org/W2975610393","REFUTES/uncertain","balanced",0.00353731871241599,"REFUTES",0.16,TRUE,"https://doi.org/10.1080/02723638.2019.1664253"
"GA1-A-0173","A","GA1","atomic_bm","jev_atomic_bm",FALSE,"A.","A6","bm_description-10","https://openalex.org/W4225943561","REFUTES/uncertain","balanced",0.00353731871241599,"REFUTES",0.3,TRUE,"https://doi.org/10.7717/peerj.13154"
"GA1-A-0174","A","GA1","atomic_bm","jev_atomic_bm",FALSE,"D.","D5","bm_description-01","https://openalex.org/W2982520053","REFUTES/uncertain","balanced",0.00353731871241599,"REFUTES",0.34,TRUE,"https://doi.org/10.5194/esdd-2-315-2011"
"GA1-A-0175","A","GA1","atomic_bm","jev_atomic_bm",FALSE,"A.","A2","bm_description-04","https://openalex.org/W4402616563","REFUTES/uncertain","balanced",0.00353731871241599,"REFUTES",0.28,TRUE,"https://doi.org/10.3389/fpubh.2024.1447592"
"GA1-A-0176","A","GA1","atomic_bm","jev_atomic_bm",FALSE,"B.","B5","bm_description-05","https://openalex.org/W4407792520","REFUTES/uncertain","balanced",0.00353731871241599,"REFUTES",0.43,TRUE,"https://doi.org/10.3390/d17030141"
"GA1-A-0177","A","GA1","atomic_bm","jev_atomic_bm",FALSE,"A.","A1","bm_label-02","https://openalex.org/W4281707649","REFUTES/uncertain","balanced",0.00353731871241599,"REFUTES",0.4,TRUE,"https://doi.org/10.1371/journal.pone.0269132"
"GA1-A-0178","A","GA1","atomic_bm","jev_atomic_bm",FALSE,"A.","A1","bm_label-01","https://openalex.org/W3088998742","REFUTES/uncertain","balanced",0.00353731871241599,"REFUTES",0.02,TRUE,"https://doi.org/10.17159/sajs.2020/7522"
"GA1-A-0179","A","GA1","atomic_bm","jev_atomic_bm",FALSE,"D.","D9","bm_description-02","https://openalex.org/W3000649095","REFUTES/uncertain","balanced",0.00353731871241599,"REFUTES",0.32,TRUE,"https://doi.org/10.1038/s41598-019-57226-9"
"GA1-A-0180","A","GA1","atomic_bm","jev_atomic_bm",FALSE,"A.","A3","bm_description-06","https://openalex.org/W4400448605","REFUTES/uncertain","balanced",0.00353731871241599,"REFUTES",0.11,TRUE,"https://doi.org/10.48175/ijarsct-15586n"
"GA1-A-0181","A","GA1","atomic_bm","jev_atomic_bm",FALSE,"A.","A3","bm_description-06","https://openalex.org/W2148386912","REFUTES/uncertain","balanced",0.00353731871241599,"REFUTES",0.43,TRUE,"https://doi.org/10.3354/meps311203"
"GA1-A-0182","A","GA1","atomic_bm","jev_atomic_bm",FALSE,"A.","A4","bm_description-01","https://openalex.org/W4206121493","REFUTES/uncertain","balanced",0.00353731871241599,"REFUTES",0.33,TRUE,"https://doi.org/10.3390/w14030274"
"GA1-A-0183","A","GA1","atomic_bm","jev_atomic_bm",FALSE,"B.","B3","bm_description-01","https://openalex.org/W4411850711","REFUTES/uncertain","balanced",0.00353731871241599,"REFUTES",0.41,TRUE,"https://doi.org/10.1007/978-3-031-92858-1_8"
"GA1-A-0184","A","GA1","atomic_bm","jev_atomic_bm",FALSE,"A.","A2","bm_description-01","https://openalex.org/W3143226871","REFUTES/uncertain","balanced",0.00353731871241599,"REFUTES",0.27,TRUE,"https://doi.org/10.1016/j.marpolbul.2021.112188"
"GA1-A-0185","A","GA1","atomic_bm","jev_atomic_bm",FALSE,"C.","C8","bm_description-06","https://openalex.org/W4408628682","REFUTES/uncertain","balanced",0.00353731871241599,"REFUTES",0.28,TRUE,"https://doi.org/10.1029/2024jc022284"
"GA1-A-0186","A","GA1","atomic_bm","jev_atomic_bm",FALSE,"C.","C7","bm_label-01","https://openalex.org/W4366774372","REFUTES/uncertain","balanced",0.00353731871241599,"REFUTES",0.21,TRUE,"https://doi.org/10.21203/rs.3.rs-2733749/v1"
"GA1-A-0187","A","GA1","atomic_bm","jev_atomic_bm",FALSE,"A.","A6","bm_description-08","https://openalex.org/W4392991668","REFUTES/uncertain","balanced",0.00353731871241599,"REFUTES",0.3,TRUE,"https://doi.org/10.3390/rs16061088"
"GA1-A-0188","A","GA1","atomic_bm","jev_atomic_bm",FALSE,"C.","C8","bm_description-05","https://openalex.org/W4230763749","REFUTES/uncertain","balanced",0.00353731871241599,"REFUTES",0.59,TRUE,"https://doi.org/10.5194/bg-2021-90-rc1"
"GA1-A-0189","A","GA1","atomic_bm","jev_atomic_bm",FALSE,"D.","D9","bm_description-01","https://openalex.org/W2426317577","REFUTES/uncertain","balanced",0.00353731871241599,"REFUTES",0.24,TRUE,"https://doi.org/10.15405/epsbs.2016.08.47"
"GA1-A-0190","A","GA1","atomic_bm","jev_atomic_bm",FALSE,"B.","B10","bm_description-03","https://openalex.org/W2160590151","REFUTES/uncertain","balanced",0.00353731871241599,"REFUTES",0.49,TRUE,"https://doi.org/10.1017/s0376892906002748"
"GA1-A-0191","A","GA1","atomic_bm","jev_atomic_bm",FALSE,"C.","C6","bm_description-06","https://openalex.org/W4288051794","REFUTES/uncertain","balanced",0.00353731871241599,"REFUTES",0.39,TRUE,"https://doi.org/10.1007/s11027-022-10014-9"
"GA1-A-0192","A","GA1","atomic_bm","jev_atomic_bm",FALSE,"A.","A8","bm_description-03","https://openalex.org/W4310338661","REFUTES/uncertain","balanced",0.00353731871241599,"REFUTES",0.53,TRUE,"https://doi.org/10.32942/x23s3m"
"GA1-A-0193","A","GA1","atomic_bm","jev_atomic_bm",FALSE,"B.","B5","bm_description-05","https://openalex.org/W2611492740","REFUTES/uncertain","balanced",0.00353731871241599,"REFUTES",0.46,TRUE,
"GA1-A-0194","A","GA1","atomic_bm","jev_atomic_bm",FALSE,"B.","B11","bm_description-04","https://openalex.org/W3085833795","REFUTES/uncertain","balanced",0.00353731871241599,"REFUTES",0.27,TRUE,"https://doi.org/10.1002/aqc.3403"
"GA1-A-0195","A","GA1","atomic_bm","jev_atomic_bm",FALSE,"C.","C6","bm_label-01","https://openalex.org/W4319454856","REFUTES/uncertain","balanced",0.00353731871241599,"REFUTES",0.38,TRUE,"https://doi.org/10.1016/j.biocon.2023.109947"
"GA1-A-0196","A","GA1","atomic_bm","jev_atomic_bm",FALSE,"A.","A4","bm_description-06","https://openalex.org/W4393233546","REFUTES/uncertain","balanced",0.00353731871241599,"REFUTES",0.38,TRUE,"https://doi.org/10.9734/ajee/2024/v23i5545"
"GA1-A-0197","A","GA1","atomic_bm","jev_atomic_bm",FALSE,"A.","A2","bm_description-01","https://openalex.org/W4220922002","REFUTES/uncertain","balanced",0.00353731871241599,"REFUTES",0.37,TRUE,"https://doi.org/10.1038/s41598-022-07080-z"
"GA1-A-0198","A","GA1","atomic_bm","jev_atomic_bm",FALSE,"C.","C6","bm_description-06","https://openalex.org/W4391927201","REFUTES/uncertain","balanced",0.00353731871241599,"REFUTES",0.53,TRUE,"https://doi.org/10.1007/s10980-024-01803-5"
"GA1-A-0199","A","GA1","atomic_bm","jev_atomic_bm",FALSE,"D.","D7","bm_label-01","https://openalex.org/W2131308278","REFUTES/uncertain","balanced",0.00353731871241599,"REFUTES",0.28,TRUE,"https://doi.org/10.17730/humo.70.1.6879m4w585133302"
"GA1-A-0200","A","GA1","atomic_bm","jev_atomic_bm",FALSE,"C.","C8","bm_description-06","https://openalex.org/W2979870819","REFUTES/uncertain","balanced",0.00353731871241599,"REFUTES",0.35,TRUE,"https://doi.org/10.2112/jcoastres-d-18-00112.1"
"GA1-A-0201","A","GA1","atomic_bm","jev_atomic_bm",FALSE,"A.","A2","bm_label-02","https://openalex.org/W2902340721","NOT_ENOUGH_INFO/uncertain","balanced",7.55376866961138e-05,"NOT_ENOUGH_INFO",0.38,TRUE,"https://doi.org/10.1007/978-3-319-92798-5_10"
"GA1-A-0202","A","GA1","atomic_bm","jev_atomic_bm",FALSE,"A.","A2","bm_description-09","https://openalex.org/W4309540718","NOT_ENOUGH_INFO/uncertain","balanced",7.55376866961138e-05,"NOT_ENOUGH_INFO",0.59,TRUE,"https://doi.org/10.1101/2022.11.16.22282268"
"GA1-A-0203","A","GA1","atomic_bm","jev_atomic_bm",FALSE,"B.","B10","bm_description-05","https://openalex.org/W2976274347","NOT_ENOUGH_INFO/uncertain","balanced",7.55376866961138e-05,"NOT_ENOUGH_INFO",0.53,TRUE,"https://doi.org/10.22500/sodality.v7i2.27165"
"GA1-A-0204","A","GA1","atomic_bm","jev_atomic_bm",FALSE,"B.","B5","bm_description-05","https://openalex.org/W4317932013","NOT_ENOUGH_INFO/uncertain","balanced",7.55376866961138e-05,"NOT_ENOUGH_INFO",0.58,TRUE,"https://doi.org/10.1017/ext.2022.3.pr3"
"GA1-A-0205","A","GA1","atomic_bm","jev_atomic_bm",FALSE,"A.","A5","bm_label-01","https://openalex.org/W4210459585","NOT_ENOUGH_INFO/uncertain","balanced",7.55376866961138e-05,"NOT_ENOUGH_INFO",0.47,TRUE,"https://doi.org/10.1017/9781009157964.009"
"GA1-A-0206","A","GA1","atomic_bm","jev_atomic_bm",FALSE,"D.","D11","bm_description-02","https://openalex.org/W4413005883","NOT_ENOUGH_INFO/uncertain","balanced",7.55376866961138e-05,"NOT_ENOUGH_INFO",0.55,TRUE,"https://doi.org/10.1080/10871209.2025.2544613"
"GA1-A-0207","A","GA1","atomic_bm","jev_atomic_bm",FALSE,"A.","A2","bm_label-01","https://openalex.org/W4402981767","NOT_ENOUGH_INFO/uncertain","balanced",7.55376866961138e-05,"NOT_ENOUGH_INFO",0.41,TRUE,"https://doi.org/10.1007/s44288-024-00066-6"
"GA1-A-0208","A","GA1","atomic_bm","jev_atomic_bm",FALSE,"A.","A2","bm_description-02","https://openalex.org/W4254968955","NOT_ENOUGH_INFO/uncertain","balanced",7.55376866961138e-05,"NOT_ENOUGH_INFO",0.59,TRUE,"https://doi.org/10.20944/preprints201701.0009.v2"
"GA1-A-0209","A","GA1","atomic_bm","jev_atomic_bm",FALSE,"A.","A2","bm_label-01","https://openalex.org/W7130330995","NOT_ENOUGH_INFO/uncertain","balanced",7.55376866961138e-05,"NOT_ENOUGH_INFO",0.27,TRUE,"https://doi.org/10.26786/1920-7603(2026)878"
"GA1-A-0210","A","GA1","atomic_bm","jev_atomic_bm",FALSE,"A.","A8","bm_description-01","https://openalex.org/W2890512029","NOT_ENOUGH_INFO/uncertain","balanced",7.55376866961138e-05,"NOT_ENOUGH_INFO",0.46,TRUE,"https://doi.org/10.1017/s0376892918000322"
"GA1-A-0211","A","GA1","atomic_bm","jev_atomic_bm",FALSE,"A.","A1","bm_description-05","https://openalex.org/W4387580478","NOT_ENOUGH_INFO/uncertain","balanced",7.55376866961138e-05,"NOT_ENOUGH_INFO",0.43,TRUE,"https://doi.org/10.3897/oneeco.8.e108540"
"GA1-A-0212","A","GA1","atomic_bm","jev_atomic_bm",FALSE,"D.","D1","bm_description-04","https://openalex.org/W4381094787","NOT_ENOUGH_INFO/uncertain","balanced",7.55376866961138e-05,"NOT_ENOUGH_INFO",0.45,TRUE,"https://doi.org/10.1016/j.eist.2023.100747"
"GA1-A-0213","A","GA1","atomic_bm","jev_atomic_bm",FALSE,"A.","A8","bm_description-04","https://openalex.org/W2886000476","NOT_ENOUGH_INFO/uncertain","balanced",7.55376866961138e-05,"NOT_ENOUGH_INFO",0.35,TRUE,"https://doi.org/10.1371/journal.pone.0201883"
"GA1-A-0214","A","GA1","atomic_bm","jev_atomic_bm",FALSE,"A.","A2","bm_description-02","https://openalex.org/W3135444193","NOT_ENOUGH_INFO/uncertain","balanced",7.55376866961138e-05,"NOT_ENOUGH_INFO",0.52,TRUE,"https://doi.org/10.1016/j.envres.2021.110943"
"GA1-A-0215","A","GA1","atomic_bm","jev_atomic_bm",FALSE,"D.","D8","bm_description-03","https://openalex.org/W2982403901","NOT_ENOUGH_INFO/uncertain","balanced",7.55376866961138e-05,"NOT_ENOUGH_INFO",0.34,TRUE,"https://doi.org/10.11648/j.wros.20190805.11"
"GA1-A-0216","A","GA1","atomic_bm","jev_atomic_bm",FALSE,"D.","D9","bm_description-01","https://openalex.org/W2070129789","NOT_ENOUGH_INFO/uncertain","balanced",7.55376866961138e-05,"NOT_ENOUGH_INFO",0.37,TRUE,"https://doi.org/10.2989/1814232x.2011.572357"
"GA1-A-0217","A","GA1","atomic_bm","jev_atomic_bm",FALSE,"A.","A6","bm_description-08","https://openalex.org/W3096285332","NOT_ENOUGH_INFO/uncertain","balanced",7.55376866961138e-05,"NOT_ENOUGH_INFO",0.34,TRUE,"https://doi.org/10.22478/ufpb.1981-1268.2020v14n3.51587"
"GA1-A-0218","A","GA1","atomic_bm","jev_atomic_bm",FALSE,"B.","B5","bm_description-02","https://openalex.org/W2999497368","NOT_ENOUGH_INFO/uncertain","balanced",7.55376866961138e-05,"NOT_ENOUGH_INFO",0.55,TRUE,"https://doi.org/10.1111/ecog.04716"
"GA1-A-0219","A","GA1","atomic_bm","jev_atomic_bm",FALSE,"D.","D7","bm_description-02","https://openalex.org/W2097913848","NOT_ENOUGH_INFO/uncertain","balanced",7.55376866961138e-05,"NOT_ENOUGH_INFO",0.52,TRUE,"https://doi.org/10.1073/pnas.1310539110"
"GA1-A-0220","A","GA1","atomic_bm","jev_atomic_bm",FALSE,"A.","A5","bm_label-01","https://openalex.org/W4313499384","NOT_ENOUGH_INFO/uncertain","balanced",7.55376866961138e-05,"NOT_ENOUGH_INFO",0.43,TRUE,"https://doi.org/10.3389/fmars.2022.1044232"
"GA1-A-0221","A","GA1","atomic_bm","jev_atomic_bm",FALSE,"A.","A8","bm_description-09","https://openalex.org/W4412741582","NOT_ENOUGH_INFO/uncertain","balanced",7.55376866961138e-05,"NOT_ENOUGH_INFO",0.16,TRUE,"https://doi.org/10.1126/sciadv.adw8971"
"GA1-A-0222","A","GA1","atomic_bm","jev_atomic_bm",FALSE,"C.","C6","bm_description-01","https://openalex.org/W3113134862","NOT_ENOUGH_INFO/uncertain","balanced",7.55376866961138e-05,"NOT_ENOUGH_INFO",0.3,TRUE,"https://doi.org/10.1038/s41598-020-78255-9"
"GA1-A-0223","A","GA1","atomic_bm","jev_atomic_bm",FALSE,"B.","B5","bm_description-01","https://openalex.org/W4402861451","NOT_ENOUGH_INFO/uncertain","balanced",7.55376866961138e-05,"NOT_ENOUGH_INFO",0.51,TRUE,"https://doi.org/10.3389/fmars.2024.1448718"
"GA1-A-0224","A","GA1","atomic_bm","jev_atomic_bm",FALSE,"A.","A2","bm_description-01","https://openalex.org/W178040056","NOT_ENOUGH_INFO/uncertain","balanced",7.55376866961138e-05,"NOT_ENOUGH_INFO",0.49,TRUE,"https://doi.org/10.1007/978-94-007-7088-1_11"
"GA1-A-0225","A","GA1","atomic_bm","jev_atomic_bm",FALSE,"D.","D8","bm_description-03","https://openalex.org/W1530713289","NOT_ENOUGH_INFO/uncertain","balanced",7.55376866961138e-05,"NOT_ENOUGH_INFO",0.55,TRUE,
"GA1-A-0226","A","GA1","atomic_bm","jev_atomic_bm",FALSE,"A.","A1","bm_label-01","https://openalex.org/W4387116545","NOT_ENOUGH_INFO/uncertain","balanced",7.55376866961138e-05,"NOT_ENOUGH_INFO",0.53,TRUE,"https://doi.org/10.21203/rs.3.rs-3369611/v1"
"GA1-A-0227","A","GA1","atomic_bm","jev_atomic_bm",FALSE,"A.","A2","bm_label-02","https://openalex.org/W4400339461","NOT_ENOUGH_INFO/uncertain","balanced",7.55376866961138e-05,"NOT_ENOUGH_INFO",0.58,TRUE,"https://doi.org/10.1016/j.biopha.2024.117065"
"GA1-A-0228","A","GA1","atomic_bm","jev_atomic_bm",FALSE,"D.","D3","bm_label-01","https://openalex.org/W4393074171","NOT_ENOUGH_INFO/uncertain","balanced",7.55376866961138e-05,"NOT_ENOUGH_INFO",0.59,TRUE,"https://doi.org/10.1007/978-3-031-50762-5_16"
"GA1-A-0229","A","GA1","atomic_bm","jev_atomic_bm",FALSE,"D.","D8","bm_description-02","https://openalex.org/W4386761515","NOT_ENOUGH_INFO/uncertain","balanced",7.55376866961138e-05,"NOT_ENOUGH_INFO",0.55,TRUE,"https://doi.org/10.56839/bd.v32i2.a2"
"GA1-A-0230","A","GA1","atomic_bm","jev_atomic_bm",FALSE,"A.","A6","bm_description-08","https://openalex.org/W3119199174","NOT_ENOUGH_INFO/uncertain","balanced",7.55376866961138e-05,"NOT_ENOUGH_INFO",0.54,TRUE,"https://doi.org/10.5897/ajest2020.2897"
"GA1-A-0231","A","GA1","atomic_bm","jev_atomic_bm",FALSE,"A.","A8","bm_description-07","https://openalex.org/W4321640383","NOT_ENOUGH_INFO/uncertain","balanced",7.55376866961138e-05,"NOT_ENOUGH_INFO",0.22,TRUE,"https://doi.org/10.29094/fishmed.2021.002"
"GA1-A-0232","A","GA1","atomic_bm","jev_atomic_bm",FALSE,"B.","B5","bm_description-06","https://openalex.org/W3152761599","NOT_ENOUGH_INFO/uncertain","balanced",7.55376866961138e-05,"NOT_ENOUGH_INFO",0.41,TRUE,"https://doi.org/10.1111/nph.17409"
"GA1-A-0233","A","GA1","atomic_bm","jev_atomic_bm",FALSE,"A.","A3","bm_description-02","https://openalex.org/W1704024438","NOT_ENOUGH_INFO/uncertain","balanced",7.55376866961138e-05,"NOT_ENOUGH_INFO",0.58,TRUE,"https://doi.org/10.3389/fpls.2015.00684"
"GA1-A-0234","A","GA1","atomic_bm","jev_atomic_bm",FALSE,"A.","A2","bm_description-02","https://openalex.org/W3163603360","NOT_ENOUGH_INFO/uncertain","balanced",7.55376866961138e-05,"NOT_ENOUGH_INFO",0.52,TRUE,"https://doi.org/10.3390/microorganisms9051037"
"GA1-A-0235","A","GA1","atomic_bm","jev_atomic_bm",FALSE,"D.","D8","bm_description-02","https://openalex.org/W7131355252","NOT_ENOUGH_INFO/uncertain","balanced",7.55376866961138e-05,"NOT_ENOUGH_INFO",0.33,TRUE,"https://doi.org/10.3389/fhumd.2026.1781875"
"GA1-A-0236","A","GA1","atomic_bm","jev_atomic_bm",FALSE,"A.","A2","bm_description-10","https://openalex.org/W4411324707","NOT_ENOUGH_INFO/uncertain","balanced",7.55376866961138e-05,"NOT_ENOUGH_INFO",0.52,TRUE,"https://doi.org/10.3389/fmars.2025.1586918"
"GA1-A-0237","A","GA1","atomic_bm","jev_atomic_bm",FALSE,"D.","D5","bm_description-01","https://openalex.org/W7134931226","NOT_ENOUGH_INFO/uncertain","balanced",7.55376866961138e-05,"NOT_ENOUGH_INFO",0.35,TRUE,"https://doi.org/10.1038/s44458-026-00040-y"
"GA1-A-0238","A","GA1","atomic_bm","jev_atomic_bm",FALSE,"D.","D3","bm_description-03","https://openalex.org/W3165937310","NOT_ENOUGH_INFO/uncertain","balanced",7.55376866961138e-05,"NOT_ENOUGH_INFO",0.51,TRUE,"https://doi.org/10.1080/02604027.2021.1929790"
"GA1-A-0239","A","GA1","atomic_bm","jev_atomic_bm",FALSE,"A.","A2","bm_description-10","https://openalex.org/W3212271493","NOT_ENOUGH_INFO/uncertain","balanced",7.55376866961138e-05,"NOT_ENOUGH_INFO",0.38,TRUE,"https://doi.org/10.3390/su132212549"
"GA1-A-0240","A","GA1","atomic_bm","jev_atomic_bm",FALSE,"D.","D12","bm_description-04","https://openalex.org/W7164587223","NOT_ENOUGH_INFO/uncertain","balanced",7.55376866961138e-05,"NOT_ENOUGH_INFO",0.31,TRUE,"https://doi.org/10.1016/j.pecon.2026.05.002"
