"id","assessment","km","bm","work_id","stratum","p_include","label","source","keypaper","nli_label","nli_confidence","llm_config","quote"
"f7f83171","GA1","A.","A6","https://openalex.org/W2566916192","REFUTES",0.584795321637427,"REFUTES","llm_verified","false","SUPPORTS",0.631627082824707,"openrouter_cheap","the number of endemic species was negatively correlated with the degree of fragmentation."
"e8db6542","GA1","C.","C7","https://openalex.org/W2168526416","REFUTES",0.584795321637427,"REFUTES","llm_verified","true","SUPPORTS",0.484866827726364,"openrouter_cheap","current human water withdrawals are dominated by agriculture and already lead to ecosystem degradation and biodiversity loss"
"626be228","GA1","D.","D12","https://openalex.org/W2116335571","REFUTES",0.584795321637427,"REFUTES","llm_verified","true","NOT_ENOUGH_INFO",0.733955025672913,"openrouter_cheap","economic valuation is likely to pave the way for the commodification of ecosystem services with potentially counterproductive effects in the long term for biodiversity conservation and equity of access to ecosystem services benefits."
"d16803d4","GA1","A.","A6","https://openalex.org/W2100135944","REFUTES",0.584795321637427,"REFUTES","llm_verified","true","SUPPORTS",0.575805604457855,"openrouter_cheap","Among terrestrial vertebrates, 322 species have become extinct since 1500"
"b0908ded","GA1","A.","A6","https://openalex.org/W4392694012","REFUTES",0.584795321637427,"REFUTES","llm_verified","false","SUPPORTS",0.652441561222076,"openrouter_cheap","The upper rio Paraná basin has 10% of its fish fauna ranked as endangered"
"a89c864a","GA1","A.","A6","https://openalex.org/W2981731888","REFUTES",0.584795321637427,"REFUTES","llm_verified","false","REFUTES",0.618676781654358,"openrouter_cheap","We did not find signs of a decreasing trend in spatial beta diversity in our study area during the past 70 yr."
"8777fcbb","GA1","A.","A6","https://openalex.org/W4414984744","REFUTES",0.584795321637427,"REFUTES","llm_verified","false","SUPPORTS",0.604854226112366,"openrouter_cheap","limited colonization by species that are not stress tolerant could drive local extinctions over time."
"7df71cf6","GA1","A.","A6","https://openalex.org/W3083017307","REFUTES",0.584795321637427,"REFUTES","llm_verified","false","SUPPORTS",0.61873334646225,"openrouter_cheap","the very success of this agricultural revolution capable of feeding more people brought unintended harm to the waters, soil, coastal mangrove forests, and delta ecosystems that made it all possible."
"d233521c","GA1","A.","A6","https://openalex.org/W7128923056","REFUTES",0.584795321637427,"REFUTES","llm_verified","false","REFUTES",0.667285799980164,"openrouter_cheap","indicate a risk of pollinator decline and losses of chemical diversity for plant-pollinator network structure and ecosystem dynamics."
"d47d0175","GA1","D.","D12","https://openalex.org/W4411830917","REFUTES",0.584795321637427,"REFUTES","llm_verified","false","SUPPORTS",0.635237574577332,"openrouter_cheap","Eco‐certifications did not reduce deforestation or degradation across contexts or outcomes."
"603158ba","GA1","A.","A6","https://openalex.org/W2896939300","REFUTES",0.584795321637427,"REFUTES","llm_verified","false","SUPPORTS",0.793084919452667,"openrouter_cheap","Despite broadly effective conservation measures already in use, grassland-breeding waders in Europe continue to decline."
"040037fc","GA1","A.","A2","https://openalex.org/W3131386227","REFUTES",0.584795321637427,"REFUTES","llm_verified","false","REFUTES",0.652834117412567,"openrouter_cheap","the recommendation by the study authors to prohibit the international trade in wildlife-based fashion products is imperiling a sustainable trade that can benefit biodiversity and people's livelihoods by providing financial incentives for conservation of species and habitats."
"669e847c","GA1","A.","A6","https://openalex.org/W3157891631","REFUTES",0.584795321637427,"REFUTES","llm_verified","false","SUPPORTS",0.637086093425751,"openrouter_cheap","the species' distribution and numbers have reduced by more than 95% in all the large rivers where it was formerly abundant"
"914c5b5e","GA1","A.","A6","https://openalex.org/W4253397149","REFUTES",0.584795321637427,"REFUTES","llm_verified","false","SUPPORTS",0.719694137573242,"openrouter_cheap","a lack of overall increase or decline"
"8fc55ea8","GA1","A.","A3","https://openalex.org/W2137774346","REFUTES",0.584795321637427,"REFUTES","llm_verified","false","SUPPORTS",0.620234191417694,"openrouter_cheap","the majority of the restoration projects we analyzed provided net benefits and should be considered not only as profitable but also as high-yielding investments."
"7194b420","GA1","D.","D12","https://openalex.org/W2641242682","REFUTES",0.584795321637427,"REFUTES","llm_verified","false","SUPPORTS",0.615076005458832,"openrouter_cheap","Social and ecology-related forest practices appear to be the most challenging aspects in Indonesia, as we found that the grades declined over time despite the fact that the concessions were able to maintain their certification."
"f85d36ea","GA1","D.","D12","https://openalex.org/W7160939208","REFUTES",0.584795321637427,"REFUTES","llm_verified","false","SUPPORTS",0.700522541999817,"openrouter_cheap","Few international studies establish a credible causal link between certification and on-ground environmental effects using explicit counterfactuals and the findings have been mixed."
"3a7a54b4","GA1","A.","A3","https://openalex.org/W2415121272","REFUTES",0.584795321637427,"REFUTES","llm_verified","false","SUPPORTS",0.683650076389313,"openrouter_cheap","Biogenic isoprene emissions produced from anthropogenic forests tended to surpass those produced from natural forests, such as boreal forests in northeastern China."
"8931787d","GA1","D.","D12","https://openalex.org/W2329611861","REFUTES",0.584795321637427,"REFUTES","llm_verified","true","SUPPORTS",0.582993865013123,"openrouter_cheap","However, they are not always appropriate or cost effective, nor do they substitute for command-and-control instruments, or for popular mobilization."
"86593d6e","GA1","D.","D12","https://openalex.org/W4245798983","REFUTES",0.584795321637427,"REFUTES","llm_verified","true","REFUTES",0.683051586151123,"openrouter_cheap","the claims to be able to reduce greenhouse gas emissions as well as enhance people's livelihoods and biodiversity conservation are unrealistic."
"90e1d850","GA1","A.","A9","https://openalex.org/W2184435066","REFUTES",0.584795321637427,"REFUTES","llm_verified","false","SUPPORTS",0.632139444351196,"openrouter_cheap","We conclude that size-based management regulations alone are unable to mitigate fisheries induced evolution on all evolving traits."
"fecbe25e","GA1","A.","A3","https://openalex.org/W1972187096","REFUTES",0.584795321637427,"REFUTES","llm_verified","false","SUPPORTS",0.609748959541321,"openrouter_cheap","Extensive engineering of water management systems in the Mississippi River basin constrain how economic and ecological systems can adapt to proposed features of integrated protection and restoration planning objectives."
"a461ca81","GA1","A.","A6","https://openalex.org/W4416298293","REFUTES",0.584795321637427,"REFUTES","llm_verified","false","SUPPORTS",0.734216094017029,"openrouter_cheap","Agriculture is the main driver of extinctions because it is predicated on the conversion of complex, natural ecosystem structures to simple, human-dominated systems."
"472e6119","GA1","A.","A6","https://openalex.org/W4384465852","REFUTES",0.584795321637427,"REFUTES","llm_verified","false","SUPPORTS",0.700449228286743,"openrouter_cheap","Stability in community composition increased with time with an ongoing trend to faunal homogenization, but not to species loss."
"ec839a29","GA1","A.","A2","https://openalex.org/W2814367405","REFUTES",0.584795321637427,"REFUTES","llm_verified","true","SUPPORTS",0.384762108325958,"openrouter_cheap","High species diversity has been associated with both reduced and increased vector-borne disease risk."
"93a6571d","GA1","A.","A6","https://openalex.org/W4376609923","REFUTES",0.584795321637427,"REFUTES","llm_verified","false","SUPPORTS",0.626794815063477,"openrouter_cheap","9 commercial fish species (28.8%) are currently vulnerable and may be extinct in near future."
"16c7f7aa","GA1","D.","D12","https://openalex.org/W1966154856","REFUTES",0.584795321637427,"REFUTES","llm_verified","false","SUPPORTS",0.686122953891754,"openrouter_cheap","Current efforts to include carbon emissions from tropical deforestation in a future international climate regime, while a step in the right direction, may therefore not suffice as protection for the world's tropical forests."
"f42a95fe","GA1","A.","A6","https://openalex.org/W3192824462","REFUTES",0.584795321637427,"REFUTES","llm_verified","false","REFUTES",0.712448835372925,"openrouter_cheap","we conclude that foliage-feeding macrolepidopteran species with spring-developing larvae did not show a drastic decrease in recent decades"
"ac9a00f9","GA1","A.","A6","https://openalex.org/W3129558481","REFUTES",0.584795321637427,"REFUTES","llm_verified","false","SUPPORTS",0.779318332672119,"openrouter_cheap","increased N and P bioavailability may have a negative effect on the conservation of rare or threatened habitats and species by promoting the expansion of non-native ruderal species."
"e1e1bae2","GA1","A.","A6","https://openalex.org/W2137008392","REFUTES",0.584795321637427,"REFUTES","llm_verified","true","REFUTES",0.611802101135254,"openrouter_cheap","Extinction threatens 12% of bird species; another 12% have small geographical ranges and live where human actions rapidly destroy their habitats."
"9c579d93","GA1","A.","A6","https://openalex.org/W4327811573","REFUTES",0.584795321637427,"REFUTES","llm_verified","false","SUPPORTS",0.777235507965088,"openrouter_cheap","In the presence of R. niveus, lower survival, growth, and absent recruitment suggested that S. pedunculata could reach quasi-extinction in ~20 years."
"19f469d0","GA1","A.","A6","https://openalex.org/W2111760270","REFUTES",0.584795321637427,"REFUTES","llm_verified","true","NOT_ENOUGH_INFO",0.380261600017548,"openrouter_cheap","Approximately 20% of all vertebrate species are at risk of extinction in the wild"
"af0b6a14","GA1","C.","C5","https://openalex.org/W4247533621","REFUTES",0.584795321637427,"REFUTES","llm_verified","true","REFUTES",0.425577700138092,"openrouter_cheap","crop production decreased in the afforestation scenario as a result of reduced crop area, especially for MAgPIE land-use patterns."
"d5329df4","GA1","A.","A2","https://openalex.org/W3023836931","REFUTES",0.584795321637427,"REFUTES","llm_verified","false","SUPPORTS",0.618241190910339,"openrouter_cheap","natural vegetation, despite its large extent and diversity, performs a lower-level role during this season."
"f49013fc","GA1","A.","A9","https://openalex.org/W2170986922","REFUTES",0.584795321637427,"REFUTES","llm_verified","false","REFUTES",0.605395376682281,"openrouter_cheap","Yet ""radical pathogen cure"" maximizes the evolutionary advantage of any resistant pathogens that are present."
"ec860ee0","GA1","D.","D12","https://openalex.org/W2185657647","REFUTES",0.584795321637427,"REFUTES","llm_verified","false","SUPPORTS",0.611160397529602,"openrouter_cheap","Das unterstreicht, dass die Details der Implementierung des Instruments in diesem Fall einen großen Einfluss auf die Investitionsanreize hatten, und konträr zur Zielstellung dem Neubau von Kohlekraftwerken förderlich waren."
"d03fa21f","GA1","A.","A6","https://openalex.org/W2137008392","REFUTES",0.584795321637427,"REFUTES","llm_verified","true","REFUTES",0.600971698760986,"openrouter_cheap","Extinction threatens 12% of bird species; another 12% have small geographical ranges and live where human actions rapidly destroy their habitats."
"a5aa3537","GA1","A.","A2","https://openalex.org/W4206165120","REFUTES",0.584795321637427,"REFUTES","llm_verified","false","SUPPORTS",0.701707124710083,"openrouter_cheap","Using free-air fumigation, we show that elevating diesel exhaust and O3, individually and in combination, to levels lower than is considered safe under current air quality standards, significantly reduced counts of locally-occurring wild and managed insect pollinators by 62–70% and their flower visits by 83–90%."
"303c3085","GA1","D.","D12","https://openalex.org/W4245798983","REFUTES",0.584795321637427,"REFUTES","llm_verified","true","REFUTES",0.50872814655304,"openrouter_cheap","the claims to be able to reduce greenhouse gas emissions as well as enhance people's livelihoods and biodiversity conservation are unrealistic."
"f1c0cc99","GA1","A.","A9","https://openalex.org/W4405395251","REFUTES",0.584795321637427,"REFUTES","llm_verified","false","REFUTES",0.638916730880737,"openrouter_cheap","Fishery overexploitation has been known to profoundly impact the life history traits of marine species."
"40cec447","GA1","C.","C5","https://openalex.org/W4247533621","REFUTES",0.584795321637427,"REFUTES","llm_verified","true","SUPPORTS",0.431975722312927,"openrouter_cheap","land-based mitigation's prospect of success depends on potential side-effects on important ecosystem services."
"83b2d059","GA1","A.","A6","https://openalex.org/W2724327356","REFUTES",0.584795321637427,"REFUTES","llm_verified","true","REFUTES",0.488829404115677,"openrouter_cheap","Earth's sixth mass extinction is more severe than perceived when looking exclusively at species extinctions."
"b4218e9f","GA1","A.","A6","https://openalex.org/W3128808011","REFUTES",0.584795321637427,"REFUTES","llm_verified","false","SUPPORTS",0.612638890743256,"openrouter_cheap","at least 25% are classified as threatened (Critically Endangered, Endangered or Vulnerable) on the IUCN Red List."
"883f6c29","GA1","A.","A6","https://openalex.org/W3021535470","REFUTES",0.584795321637427,"REFUTES","llm_verified","false","REFUTES",0.733236014842987,"openrouter_cheap","This will have an impact on biodiversity damage and even natural disasters, because old forests are converted to agricultural land."
"c2664f26","GA1","A.","A6","https://openalex.org/W4408287240","REFUTES",0.584795321637427,"REFUTES","llm_verified","false","REFUTES",0.609843790531158,"openrouter_cheap","The findings indicate that anthropogenic disturbances coupled with their detrimental effects on water quality lead to a decrease in plant species richness and the dominance of a select few plant species."
"66e5b0e5","GA1","A.","A6","https://openalex.org/W3137368418","REFUTES",0.584795321637427,"REFUTES","llm_verified","false","SUPPORTS",0.600618004798889,"openrouter_cheap","Reichholf assigns most of the blame to industrialized agriculture and management of public lands, and does not review the literature from other parts of the world where other factors have been considered."
"53d96f56","GA1","D.","D12","https://openalex.org/W2123831324","REFUTES",0.584795321637427,"REFUTES","llm_verified","false","SUPPORTS",0.653099119663239,"openrouter_cheap","existing market-based tools to promote environmental sustainability do not engage transnationals at the scale where most of their behavior is determined"
"b2ca8351","GA1","A.","A6","https://openalex.org/W4389237687","REFUTES",0.584795321637427,"REFUTES","llm_verified","false","SUPPORTS",0.781882226467133,"openrouter_cheap","Although global-scale extinctions are not well documented for brackish and marine invertebrates, geohistorical studies point to numerous extirpations, declines in ecosystem functions, increases in range fragmentation and dwindling abundance of previously widespread species, indicating that marine ecosystems are accumulating a human-driven extinction debt."
"790d929e","GA1","D.","D12","https://openalex.org/W2096201635","REFUTES",0.584795321637427,"REFUTES","llm_verified","false","SUPPORTS",0.606943309307098,"openrouter_cheap","FSC certification faces severe limitations as a governance tool for tropical forest conservation."
"9db32b24","GA1","A.","A6","https://openalex.org/W2313348250","REFUTES",0.584795321637427,"REFUTES","llm_verified","true","REFUTES",0.61932635307312,"openrouter_cheap","At this time the conclusion that there is no net change in local species richness is not the consensus state of knowledge."
"7d89068a","GA1","D.","D12","https://openalex.org/W20102820","REFUTES",0.584795321637427,"REFUTES","llm_verified","false","SUPPORTS",0.722236394882202,"openrouter_cheap","the experience is mixed."
"2a0fe90b","GA1","A.","A9","https://openalex.org/W1486453136","REFUTES",0.584795321637427,"REFUTES","llm_verified","true","REFUTES",0.461290389299393,"openrouter_cheap","This has led to growing concern about the possible consequences such evolutionary change might have for aquatic ecosystems and the utility of those ecosystems to society."
"9a275fbe","GA1","A.","A9","https://openalex.org/W1987312773","REFUTES",0.584795321637427,"REFUTES","llm_verified","true","REFUTES",0.358817517757416,"openrouter_cheap","Selection favoring highly plastic individuals has intensified over a 32-year period. This temporal trend is concurrent with climate change causing a mismatch between the breeding times of the birds and their caterpillar prey."
"688762f5","GA1","D.","D12","https://openalex.org/W2743527502","REFUTES",0.584795321637427,"REFUTES","llm_verified","false","SUPPORTS",0.630875706672668,"openrouter_cheap","This research shows that REDD+ payments are unlikely to address the diverse and competing interests of forest dependent people, and compensate them adequately and equitably."
"8d19cd47","GA1","D.","D12","https://openalex.org/W2412447753","REFUTES",0.584795321637427,"REFUTES","llm_verified","false","SUPPORTS",0.68336546421051,"openrouter_cheap","the main beneficiaries are always large businesses, who continue to be seen as the leading contributors to GDP growth, and therefore progress."
"6accaf43","GA1","A.","A9","https://openalex.org/W2115387919","REFUTES",0.584795321637427,"REFUTES","llm_verified","true","REFUTES",0.376767575740814,"openrouter_cheap","Accordingly, harvested organisms show some of the most abrupt trait changes ever observed in wild populations, providing a new appreciation for how fast phenotypes are capable of changing."
"0228f958","GA1","D.","D12","https://openalex.org/W2075857343","REFUTES",0.584795321637427,"REFUTES","llm_verified","false","SUPPORTS",0.68533182144165,"openrouter_cheap","fundamental aspects of participation, equity, and fairness remain unaddressed."
"34578ffa","GA1","A.","A6","https://openalex.org/W4405532425","REFUTES",0.584795321637427,"REFUTES","llm_verified","false","SUPPORTS",0.671252250671387,"openrouter_cheap","we highlight some species described from Sierra Nevada but which have not been found since their description, especially the case of the tettigonid Sabaterpia paulinoi (Bolívar, 1877) which we consider as possibly extinct."
"b815e7b0","GA1","A.","A6","https://openalex.org/W4415699441","REFUTES",0.584795321637427,"REFUTES","llm_verified","false","SUPPORTS",0.674719870090485,"openrouter_cheap","the majority decreased within PAs"
"abfbd165","GA1","B.","B4","https://openalex.org/W1995362775","REFUTES",0.584795321637427,"REFUTES","llm_verified","false","SUPPORTS",0.629186391830444,"openrouter_cheap","결국 조사된 해변들에서 쓰레기로 인한 해변 오염은 매우 심각한 수준이며, 쓰레기의 발생 원인의 대부분은 양식장에서 사용되는 스티로폼 부자인 것으로 밝혀졌다."
"51a218dd","GA1","A.","A6","https://openalex.org/W4200176366","REFUTES",0.584795321637427,"REFUTES","llm_verified","false","REFUTES",0.697335481643677,"openrouter_cheap","the flora of different parts of the province has become more homogenous over time, indicating a loss of biodiversity at the regional, but not at the local scale."
"ebe4066d","GA1","A.","A6","https://openalex.org/W2137008392","REFUTES",0.584795321637427,"REFUTES","llm_verified","true","REFUTES",0.557231247425079,"openrouter_cheap","12% have small geographical ranges and live where human actions rapidly destroy their habitats."
"b2c7db3f","GA1","C.","C5","https://openalex.org/W2562718914","REFUTES",0.584795321637427,"REFUTES","llm_verified","true","NOT_ENOUGH_INFO",0.560873210430145,"openrouter_cheap","a potentially unsustainable scenario where expansion of alternative land uses and economic development would be given higher priority over biodiversity and ecosystem services"
"fcf47c37","GA1","A.","A6","https://openalex.org/W4306691350","REFUTES",0.584795321637427,"REFUTES","llm_verified","false","SUPPORTS",0.611073851585388,"openrouter_cheap","habitat fragmentation generated by sugar cane plots led to the local extinction of native Araneae and Coleoptera species."
"435a970a","GA1","D.","D12","https://openalex.org/W2515541081","REFUTES",0.584795321637427,"REFUTES","llm_verified","false","SUPPORTS",0.605826914310455,"openrouter_cheap","implementing an aggressive FCS incentive can cause substantial increases in food prices because of land competition between forest and crop production."
"301d19b3","GA1","A.","A6","https://openalex.org/W3021535470","REFUTES",0.584795321637427,"REFUTES","llm_verified","false","REFUTES",0.621283769607544,"openrouter_cheap","This will have an impact on biodiversity damage and even natural disasters, because old forests are converted to agricultural land."
"7e0fb719","GA1","B.","B11","https://openalex.org/W2059772642","REFUTES",0.584795321637427,"REFUTES","llm_verified","true","NOT_ENOUGH_INFO",0.544483363628387,"openrouter_cheap","we cannot detect an effect, on average, of CFM compared to no CFM"
"6011d1fe","GA1","A.","A6","https://openalex.org/W2137008392","REFUTES",0.584795321637427,"REFUTES","llm_verified","true","REFUTES",0.406524538993835,"openrouter_cheap","Extinction threatens 12% of bird species; another 12% have small geographical ranges and live where human actions rapidly destroy their habitats."
"3672bc75","GA1","D.","D12","https://openalex.org/W4229040510","REFUTES",0.584795321637427,"REFUTES","llm_verified","false","REFUTES",0.741061508655548,"openrouter_cheap","Granting SDT to exempt emerging subsidizers from WTO disciplines would therefore undermine efforts to use global trade rules to promote global development, as well as to protect the environment."
"4afe67d9","GA1","D.","D12","https://openalex.org/W4245798983","REFUTES",0.584795321637427,"REFUTES","llm_verified","true","REFUTES",0.467309802770615,"openrouter_cheap","there is a naive assumption that technical or economic fixes are sufficient for success."
"c2e5076c","GA1","B.","B11","https://openalex.org/W2007983080","REFUTES",0.584795321637427,"REFUTES","llm_verified","true","NOT_ENOUGH_INFO",0.683760643005371,"openrouter_cheap","Elders’ knowledge, harvester observations, harvest data and consumption data indicate a decline in the availability of barren ground caribou and range shifts of both caribou and moose during the study period."
"d88d2ff0","GA1","B.","B11","https://openalex.org/W4413915988","REFUTES",0.584795321637427,"REFUTES","llm_verified","false","SUPPORTS",0.69283127784729,"openrouter_cheap","Most respondents reported declines in both catches and sizes of target species over the past 10 years, mainly due to overfishing."
"af079e21","GA1","B.","B4","https://openalex.org/W2904712146","REFUTES",0.584795321637427,"REFUTES","llm_verified","false","REFUTES",0.677124738693237,"openrouter_cheap","Plastic debris can act as vectors for the accumulation of hydrophobic organic pollutants and heavy metals or metalloids, and thus potentially cause harmful effects to marine organisms, such as endocrine system disruption, liver and kidney failure, hormone alterations and teratogenicity."
"d7cacdd8","GA1","D.","D12","https://openalex.org/W1525350239","REFUTES",0.584795321637427,"REFUTES","llm_verified","false","SUPPORTS",0.610165059566498,"openrouter_cheap","serious weaknesses in the substantive scope, reach and/or implementation mechanisms in all of the reviewed governance mechanisms pose a serious risk to the likely effectiveness of the emerging governance architecture in minimizing risks and leveraging benefits."
"9066dfe5","GA1","B.","B11","https://openalex.org/W2409876615","REFUTES",0.584795321637427,"REFUTES","llm_verified","true","NOT_ENOUGH_INFO",0.385509431362152,"openrouter_cheap","A decline in the proportion of the community venturing into the forest over the last 60 years for activities such as hunting, fishing, camping, and collecting plant resources was reported."
"72d629b5","GA1","D.","D12","https://openalex.org/W610988695","REFUTES",0.584795321637427,"REFUTES","llm_verified","true","SUPPORTS",0.566834211349487,"openrouter_cheap","Timber concessions, however, are not without their critics worldwide."
"f327fe19","GA1","C.","C5","https://openalex.org/W4247533621","REFUTES",0.584795321637427,"REFUTES","llm_verified","true","SUPPORTS",0.363430798053741,"openrouter_cheap","crop production decreased in the afforestation scenario as a result of reduced crop area"
"a94172fe","GA1","D.","D12","https://openalex.org/W3163966933","REFUTES",0.584795321637427,"REFUTES","llm_verified","false","REFUTES",0.612203478813171,"openrouter_cheap","Dasgupta ignores long-standing problems with capital theory and social cost–benefit analysis."
"c2755dec","GA1","A.","A6","https://openalex.org/W3021535470","REFUTES",0.584795321637427,"REFUTES","llm_verified","false","REFUTES",0.670506000518799,"openrouter_cheap","This will have an impact on biodiversity damage and even natural disasters, because old forests are converted to agricultural land."
"83b29360","GA1","D.","D12","https://openalex.org/W1993623089","REFUTES",0.584795321637427,"REFUTES","llm_verified","true","SUPPORTS",0.630954265594482,"openrouter_cheap","The proposed measures are almost never in sufficient proportion to the damage that is caused."
"d8b22d02","GA1","A.","A6","https://openalex.org/W2766208183","REFUTES",0.584795321637427,"REFUTES","llm_verified","true","REFUTES",0.405642688274384,"openrouter_cheap","we show that this decline is apparent regardless of habitat type, while changes in weather, land use, and habitat characteristics cannot explain this overall decline."
"acc7c968","GA1","A.","A6","https://openalex.org/W2144441933","REFUTES",0.584795321637427,"REFUTES","llm_verified","false","SUPPORTS",0.606996357440948,"openrouter_cheap","the number of breeding Short-tailed Shearwaters in the region is estimated to have decreased 35% between 1978–80 and 2008–11"
"7ae62ebe","GA1","B.","B11","https://openalex.org/W3084261954","REFUTES",0.584795321637427,"REFUTES","llm_verified","false","SUPPORTS",0.746880650520325,"openrouter_cheap","Although limiting further loss will remain challenging in several biodiversity-rich regions, and other threats—such as climate change—must be addressed to truly reverse the declines in biodiversity, our results show that ambitious conservation efforts and food system transformation are central to an effective post-2020 biodiversity strategy."
"245fc583","GA1","A.","A6","https://openalex.org/W4416298293","REFUTES",0.584795321637427,"REFUTES","llm_verified","false","SUPPORTS",0.630610406398773,"openrouter_cheap","data show that terrestrial and freshwater species are more likely to be threatened with extinction than marine species and that agriculture is the dominant cause of these extinctions."
"551e28e8","GA1","A.","A6","https://openalex.org/W2803918000","REFUTES",0.584795321637427,"REFUTES","llm_verified","false","SUPPORTS",0.621443450450897,"openrouter_cheap","Observed population collapse and environmental changes in the Gulf suggest that A. downingi is heading toward at least functional extinction mainly due to increasingly frequent temperature-induced mortality events, clearly linked to climate change."
"7cd3b685","GA1","C.","C5","https://openalex.org/W2172165827","REFUTES",0.584795321637427,"REFUTES","llm_verified","true","SUPPORTS",0.354610323905945,"openrouter_cheap","Future land-use changes are projected to reduce natural vegetative cover by 26-58% in the hotspots."
"46cb308d","GA1","C.","C5","https://openalex.org/W1991478681","REFUTES",0.584795321637427,"REFUTES","llm_verified","true","NOT_ENOUGH_INFO",0.41742604970932,"openrouter_cheap","this suggests that using bio-energy to tackle climate change in order to limit biodiversity loss could instead have the opposite effect."
"17b28058","GA1","A.","A6","https://openalex.org/W3036018887","REFUTES",0.584795321637427,"REFUTES","llm_verified","false","REFUTES",0.629640161991119,"openrouter_cheap","For global species extinctions, indicators of abundance (e.g., the Living Planet Index or biodiversity intactness index) were most likely to respond first, as leading indicators that inform preventative action, while extinction indicators were expected to respond slowly, acting as lagging indicators flagging the need for evaluation."
"42b8aa1a","GA1","A.","A2","https://openalex.org/W7161111708","REFUTES",0.584795321637427,"REFUTES","llm_verified","false","REFUTES",0.693735003471375,"openrouter_cheap","The findings of this study are intended to support urban greening planning and policy decisions in cities, fostering sustainable development and improving public health and well-being."
"4df9b3c7","GA1","D.","D12","https://openalex.org/W2014884020","REFUTES",0.584795321637427,"REFUTES","llm_verified","true","SUPPORTS",0.42144849896431,"openrouter_cheap","We find that it is more effective to locate parks and payments away from each other, rather than in the same location or near each other."
"132233d6","GA1","A.","A6","https://openalex.org/W4385872506","REFUTES",0.584795321637427,"REFUTES","llm_verified","false","SUPPORTS",0.602440357208252,"openrouter_cheap","Almost all Callithrix species except for C. jacchus will experience about 30% to 70% reduction of potential habitats between 2040 and 2060."
"87582a55","GA1","B.","B4","https://openalex.org/W4220777945","REFUTES",0.584795321637427,"REFUTES","llm_verified","false","REFUTES",0.609902918338776,"openrouter_cheap","PLA and PBAT did not show significant degradation after six months, making the possible reduction of marine pollution due to this process negligible."
"1ff143da","GA1","A.","A6","https://openalex.org/W3021535470","REFUTES",0.584795321637427,"REFUTES","llm_verified","false","REFUTES",0.619438767433167,"openrouter_cheap","This will have an impact on biodiversity damage and even natural disasters, because old forests are converted to agricultural land."
"e1793ea3","GA1","A.","A6","https://openalex.org/W3161045898","REFUTES",0.584795321637427,"REFUTES","llm_verified","false","SUPPORTS",0.635543763637543,"openrouter_cheap","At least 6% are threatened, but data suggest a mid-point estimate of 7.9% and an upper bound of 38%."
"13ab054c","GA1","D.","D12","https://openalex.org/W2905213086","REFUTES",0.584795321637427,"REFUTES","llm_verified","false","SUPPORTS",0.63221287727356,"openrouter_cheap","While positive, the relatively slow impact of PES on forest regeneration suggests that environmental managers should not count exclusively on PES mechanism to achieve conservation goals."
"ec3e158c","GA1","A.","A6","https://openalex.org/W2137008392","REFUTES",0.584795321637427,"REFUTES","llm_verified","true","REFUTES",0.496497422456741,"openrouter_cheap","Human actions threaten higher fractions of other well known taxa than they do birds."
"2bf1e586","GA1","A.","A6","https://openalex.org/W2137008392","REFUTES",0.584795321637427,"REFUTES","llm_verified","true","REFUTES",0.505750596523285,"openrouter_cheap","If present forest losses continue, extinction rates will reach 1,500 E/MSY by the century's end."
"600a20fa","GA1","D.","D12","https://openalex.org/W2912143154","REFUTES",0.584795321637427,"REFUTES","llm_verified","false","SUPPORTS",0.663658320903778,"openrouter_cheap","las florícolas utilizan las certificaciones ambientales y de comercio justo privadas, pero los estándares son permisivos."
"28fbf5ec","GA1","A.","A6","https://openalex.org/W2724327356","REFUTES",0.584795321637427,"REFUTES","llm_verified","true","REFUTES",0.545192301273346,"openrouter_cheap","In our sample, comprising nearly half of known vertebrate species, 32% (8,851/27,600) are decreasing; that is, they have decreased in population size and range."
"c238cb4b","GA1","A.","A6","https://openalex.org/W2911235514","REFUTES",0.584795321637427,"REFUTES","llm_verified","false","SUPPORTS",0.685543715953827,"openrouter_cheap","yet at the same time they also cast doubt on alleged range-wide positive population trends."
"39108ba9","GA1","A.","A6","https://openalex.org/W2110484977","SUPPORTS",0.129198966408269,"SUPPORTS","llm_verified","true",,,"openrouter_cheap","anthropogenic climate change is likely to combine with past land-use changes and biological invasions to drive several of the remaining species to extinction"
"494d38da","GA1","B.","B11","https://openalex.org/W2007983080","SUPPORTS",0.129198966408269,"SUPPORTS","llm_verified","true",,,"openrouter_cheap","Elders’ knowledge, harvester observations, harvest data and consumption data indicate a decline in the availability of barren ground caribou and range shifts of both caribou and moose during the study period."
"b8545a72","GA1","A.","A6","https://openalex.org/W2111468822","SUPPORTS",0.129198966408269,"SUPPORTS","llm_verified","true",,,"openrouter_cheap","Efforts need to be considerably scaled up to prevent many more extinctions in the coming decades."
"24129f64","GA1","C.","C5","https://openalex.org/W565346873","SUPPORTS",0.129198966408269,"SUPPORTS","llm_verified","true",,,"openrouter_cheap","Reforestation is an important tool for reducing or reversing biodiversity loss and mitigating climate change."
"8796d45a","GA1","B.","B11","https://openalex.org/W2339832178","SUPPORTS",0.129198966408269,"SUPPORTS","llm_verified","true",,,"openrouter_cheap","The results show that the rangelands outside of the park in both sites were degraded compared to those inside of the park, especially in the areas close to villages."
"fe865bc2","GA1","C.","C5","https://openalex.org/W2493040362","SUPPORTS",0.129198966408269,"SUPPORTS","llm_verified","true",,,"openrouter_cheap","When afforestation was restricted to the tropics the food price response was substantially reduced, while still almost 60% cumulative carbon sequestration was achieved."
"f6dc24df","GA1","A.","A2","https://openalex.org/W2776954001","SUPPORTS",0.129198966408269,"SUPPORTS","llm_verified","true",,,"openrouter_cheap","Food biodiversity contributes to diet quality in vulnerable populations in areas with high biodiversity."
"8bb34294","GA1","A.","A2","https://openalex.org/W2129286939","SUPPORTS",0.129198966408269,"SUPPORTS","llm_verified","true",,,"openrouter_cheap","Improved understanding of these causal mechanisms can inform decisionmaking on biodiversity conservation as an effective way to protect human health."
"05abad44","GA1","A.","A2","https://openalex.org/W2121498161","SUPPORTS",0.129198966408269,"SUPPORTS","llm_verified","true",,,"openrouter_cheap","MPAs may represent a viable strategy for enhancing food security and empowering local communities"
"78bddfce","GA1","A.","A9","https://openalex.org/W1970835563","SUPPORTS",0.129198966408269,"SUPPORTS","llm_verified","true",,,"openrouter_cheap","W. smithii represents an example of actual genetic differentiation of a seasonality trait that is consistent with an adaptive evolutionary response to recent global warming."
"0f38b367","GA1","A.","A6","https://openalex.org/W1502104821","SUPPORTS",0.129198966408269,"SUPPORTS","llm_verified","true",,,"openrouter_cheap","One quarter of all species (n = 498) moved one or more categories closer to extinction globally"
"116984d7","GA1","A.","A9","https://openalex.org/W2109353102","SUPPORTS",0.129198966408269,"SUPPORTS","llm_verified","true",,,"openrouter_cheap","Both can reduce heritability of resistance, but pyramids can also delay resistance by reducing genetic variation for resistance."
"66f10266","GA1","A.","A6","https://openalex.org/W2952883628","SUPPORTS",0.129198966408269,"SUPPORTS","llm_verified","true",,,"openrouter_cheap","Our results show that fundamental diversity patterns have been reshaped by human-driven extinctions and extirpations, highlighting humans as a major force in the Earth system."
"d4de18b4","GA1","A.","A2","https://openalex.org/W2776954001","SUPPORTS",0.129198966408269,"SUPPORTS","llm_verified","true",,,"openrouter_cheap","Food biodiversity contributes to diet quality in vulnerable populations in areas with high biodiversity."
"e4bae379","GA1","D.","D12","https://openalex.org/W2048682582","SUPPORTS",0.129198966408269,"SUPPORTS","llm_verified","true",,,"openrouter_cheap","we conclude that the proposed structural reforms to the financial system are essential steps urgently required for financing a global transition to a sustainable economy."
"76179435","GA1","A.","A6","https://openalex.org/W2175423925","SUPPORTS",0.129198966408269,"SUPPORTS","llm_verified","true",,,"openrouter_cheap","the average rate of vertebrate species loss over the last century is up to 100 times higher than the background rate."
"67145935","GA1","A.","A2","https://openalex.org/W2554163354","SUPPORTS",0.129198966408269,"SUPPORTS","llm_verified","true",,,"openrouter_cheap","providing numerous ecosystem services to humans."
"e25966bb","GA1","D.","D12","https://openalex.org/W2129946149","SUPPORTS",0.129198966408269,"SUPPORTS","llm_verified","true",,,"openrouter_cheap","the potential of payments for hydrological ecosystem services as a political instrument to foster sustainable natural resource use, and rural development"
"9cdaf07a","GA1","A.","A9","https://openalex.org/W2047352618","SUPPORTS",0.129198966408269,"SUPPORTS","llm_verified","true",,,"openrouter_cheap","it is consistent with extinctions being due to interaction with human populations."
"e4f9f794","GA1","A.","A9","https://openalex.org/W1970835563","SUPPORTS",0.129198966408269,"SUPPORTS","llm_verified","true",,,"openrouter_cheap","Faster evolutionary response has occurred in northern populations where selection is stronger and genetic variation is greater than in southern populations."
"1073f6f2","GA1","D.","D12","https://openalex.org/W4247978413","SUPPORTS",0.129198966408269,"SUPPORTS","llm_verified","true",,,"openrouter_cheap","what are the key design and implementation issues that need to be addressed so that governments can ensure these mechanisms are environmentally effective, economically efficient and distributionally equitable?"
"e4efe6f2","GA1","C.","C5","https://openalex.org/W2172290041","SUPPORTS",0.129198966408269,"SUPPORTS","llm_verified","true",,,"openrouter_cheap","Several solutions, all of which are possible with current knowledge and technology, could substantially reduce agriculture's environmental impacts on greenhouse gas emissions, land clearing, and threats to biodiversity."
"a4c8b829","GA1","A.","A6","https://openalex.org/W1543590217","SUPPORTS",0.129198966408269,"SUPPORTS","llm_verified","true",,,"openrouter_cheap","we found that both indicators decline steadily, and by 2050, under a Business-as-usual (BAU) scenario, geometric mean population abundance declines by 18–35% while extinction risk increases for 8–23% of the species"
"bc382d58","GA1","A.","A6","https://openalex.org/W2116654973","SUPPORTS",0.129198966408269,"SUPPORTS","llm_verified","true",,,"openrouter_cheap","Sufficient evidence has emerged to conclude that IAS are the most significant drivers of population declines and species extinctions in island ecosystems worldwide."
"742b7651","GA1","A.","A2","https://openalex.org/W2270548651","SUPPORTS",0.129198966408269,"SUPPORTS","llm_verified","true",,,"openrouter_cheap","inland fish and fisheries make substantial contributions to meeting the challenges faced by individuals, society, and the environment in a changing global landscape."
"de86dbb0","GA1","C.","C5","https://openalex.org/W2384950079","SUPPORTS",0.129198966408269,"SUPPORTS","llm_verified","true",,,"openrouter_cheap","natural regeneration of second-growth forests provides a low-cost mechanism that yields a high carbon sequestration potential with multiple benefits for biodiversity and ecosystem services."
"670499ff","GA1","A.","A6","https://openalex.org/W2114861765","SUPPORTS",0.129198966408269,"SUPPORTS","llm_verified","true",,,"openrouter_cheap","Extinction rates are now four orders-of-magnitude higher than background"
"db8ec597","GA1","D.","D12","https://openalex.org/W160862017","SUPPORTS",0.129198966408269,"SUPPORTS","llm_verified","true",,,"openrouter_cheap","Economic, and procedural incentives for improved forest management performance are introduced, as are proposals to strengthen monitoring, supervision, and compliance with contract terms."
"42520f5a","GA1","D.","D12","https://openalex.org/W1985917895","SUPPORTS",0.129198966408269,"SUPPORTS","llm_verified","true",,,"openrouter_cheap","this article suggests some guiding principles and innovative strategies."
"dc85f45f","GA1","A.","A6","https://openalex.org/W1502104821","SUPPORTS",0.129198966408269,"SUPPORTS","llm_verified","true",,,"openrouter_cheap","A decline in the conservation status of carnivores and ungulates was underway 40 years ago and has since accelerated."
"478f203d","GA1","A.","A6","https://openalex.org/W2493835817","SUPPORTS",0.129198966408269,"SUPPORTS","llm_verified","true",,,"openrouter_cheap","we estimate a global population decline in vertebrate species between 1970 and 2012 of 58% rather than 20% from an index with no proportional weighting."
"1daa1be3","GA1","D.","D12","https://openalex.org/W1540250989","SUPPORTS",0.129198966408269,"SUPPORTS","llm_verified","true",,,"openrouter_cheap","the central challenge of the 21st century is to develop economic, social, and governance systems capable of ending poverty and achieving sustainable levels of population and consumption while securing the life-support systems underpinning current and future human well-being."
"9451d5c2","GA1","D.","D12","https://openalex.org/W2152769322","SUPPORTS",0.129198966408269,"SUPPORTS","llm_verified","true",,,"openrouter_cheap","this could be a valuable tool to combine environmental and wellbeing goals."
"99a3734d","GA1","C.","C5","https://openalex.org/W565346873","SUPPORTS",0.129198966408269,"SUPPORTS","llm_verified","true",,,"openrouter_cheap","the influence of previous land uses, establishment methods, species mixes and interactions with adjacent land uses on environmental (particularly biodiversity) outcomes of reforestation"
"6024796d","GA1","A.","A2","https://openalex.org/W2129286939","SUPPORTS",0.129198966408269,"SUPPORTS","llm_verified","true",,,"openrouter_cheap","habitat destruction and biodiversity loss associated with biotic homogenization can increase the incidence and distribution of infectious diseases affecting humans."
"373b1de3","GA1","D.","D12","https://openalex.org/W2615590813","SUPPORTS",0.129198966408269,"SUPPORTS","llm_verified","true",,,"openrouter_cheap","Ecosystem-services research can better recognise these off-stage burdens through integration with other analytical approaches, such as life cycle analysis and risk-based approaches that better account for the uncertainties involved."
"c58d1fd6","GA1","A.","A2","https://openalex.org/W2106130024","SUPPORTS",0.129198966408269,"SUPPORTS","llm_verified","true",,,"openrouter_cheap","Most studies reported findings that generally supported the view that green space have a beneficial health effect."
"498ce05d","GA1","A.","A2","https://openalex.org/W2085287302","SUPPORTS",0.129198966408269,"SUPPORTS","llm_verified","true",,,"openrouter_cheap","pathogen and disease transmission."
"fc8f27aa","GA1","A.","A2","https://openalex.org/W2085287302","SUPPORTS",0.129198966408269,"SUPPORTS","llm_verified","true",,,"openrouter_cheap","pathogen and disease transmission"
"7850cd35","GA1","A.","A2","https://openalex.org/W2051692047","SUPPORTS",0.129198966408269,"SUPPORTS","llm_verified","true",,,"openrouter_cheap","it is suggested that the requirement for microbial input from the environment to drive immunoregulation is a major component of the beneficial effect of green space, and a neglected ecosystem service that is essential for our well-being."
"a041ddc4","GA1","A.","A6","https://openalex.org/W2748743077","SUPPORTS",0.129198966408269,"SUPPORTS","llm_verified","true",,,"openrouter_cheap","regenerating 8,134 ha of forest would create >316,000 ha in total of restored contiguous forest."
"152b8360","GA1","A.","A2","https://openalex.org/W2154902972","SUPPORTS",0.129198966408269,"SUPPORTS","llm_verified","true",,,"openrouter_cheap","the majority of studies reported significant positive effects"
"c2d05dca","GA1","C.","C7","https://openalex.org/W2013414890","SUPPORTS",0.129198966408269,"SUPPORTS","llm_verified","true",,,"openrouter_cheap","if 2050 crop demand was met by moderate intensification focused on existing croplands of underyielding nations, adaptation and transfer of high-yielding technologies to these croplands, and global technological improvements, our analyses forecast land clearing of only ~0.2 billion ha, greenhouse gas emissions of ~1 Gt y(-1), and global N use of ~225 Mt y(-1)."
"d4531b6e","GA1","C.","C7","https://openalex.org/W2519638019","SUPPORTS",0.129198966408269,"SUPPORTS","llm_verified","true",,,"openrouter_cheap","the scenarios for 2050 demonstrate that it would be possible to feed the global population in 2050 with moderate animal protein consumption but with much less N pollution"
"5c0bbbe8","GA1","A.","A2","https://openalex.org/W2814367405","SUPPORTS",0.129198966408269,"SUPPORTS","llm_verified","true",,,"openrouter_cheap","Natural environments and green spaces provide ecosystem services that enhance human health and well-being. They improve mental health, mitigate allergies and reduce all-cause, respiratory, cardiovascular and cancer mortality."
"81fd528f","GA1","A.","A6","https://openalex.org/W2114861765","SUPPORTS",0.129198966408269,"SUPPORTS","llm_verified","true",,,"openrouter_cheap","Extinctions or severe population crashes have accumulated steadily since the 1970s and 1980s, and at least 3.1% of frog species have already disappeared."
"9878acd3","GA1","C.","C5","https://openalex.org/W1859125077","SUPPORTS",0.129198966408269,"SUPPORTS","llm_verified","true",,,"openrouter_cheap","the extent of risks and opportunities deriving from renewable energy development is highly dependent on the type of renewable source harvested, the restrictions imposed on energy harvest and the region considered"
"33f6c780","GA1","A.","A9","https://openalex.org/W2583136099","SUPPORTS",0.129198966408269,"SUPPORTS","llm_verified","true",,,"openrouter_cheap","Our study demonstrates that evolutionary responses of grassland plants to land‐use change are a common phenomenon and widespread across a broad range of different species."
"affcba68","GA1","A.","A6","https://openalex.org/W2105584227","SUPPORTS",0.129198966408269,"SUPPORTS","llm_verified","true",,,"openrouter_cheap","only extraordinary and stepped-up conservation efforts will prevent a new round of extinctions in most body-size and taxonomic spectra"
"a8692a18","GA1","A.","A2","https://openalex.org/W2743768722","SUPPORTS",0.129198966408269,"SUPPORTS","llm_verified","true",,,"openrouter_cheap","Nature contact may offer a range of human health benefits."
"a911bcde","GA1","A.","A6","https://openalex.org/W4394787067","NOT_ENOUGH_INFO",0.28735632183908,"NOT_ENOUGH_INFO","llm_verified","false","REFUTES",0.761142730712891,"openrouter_cheap",""
"6561749e","GA1","A.","A3","https://openalex.org/W3176324727","NOT_ENOUGH_INFO",0.28735632183908,"NOT_ENOUGH_INFO","llm_verified","false","SUPPORTS",0.616886556148529,"openrouter_cheap",""
"5287d945","GA1","A.","A6","https://openalex.org/W4226133866","NOT_ENOUGH_INFO",0.28735632183908,"NOT_ENOUGH_INFO","llm_verified","false","SUPPORTS",0.645862221717834,"openrouter_cheap",""
"546b0f5a","GA1","A.","A6","https://openalex.org/W2617989323","NOT_ENOUGH_INFO",0.28735632183908,"NOT_ENOUGH_INFO","llm_verified","false","SUPPORTS",0.775578260421753,"openrouter_cheap",""
"5ddf4107","GA1","B.","B4","https://openalex.org/W3131358478","NOT_ENOUGH_INFO",0.28735632183908,"NOT_ENOUGH_INFO","llm_verified","false","SUPPORTS",0.847594499588013,"openrouter_cheap",""
"2dadb4a8","GA1","B.","B4","https://openalex.org/W1991395683","NOT_ENOUGH_INFO",0.28735632183908,"NOT_ENOUGH_INFO","llm_verified","false","SUPPORTS",0.804650068283081,"openrouter_cheap",""
"daba54c0","GA1","A.","A6","https://openalex.org/W2105505739","NOT_ENOUGH_INFO",0.28735632183908,"NOT_ENOUGH_INFO","llm_verified","false","SUPPORTS",0.798087775707245,"openrouter_cheap",""
"399e1387","GA1","A.","A6","https://openalex.org/W4256548309","NOT_ENOUGH_INFO",0.28735632183908,"NOT_ENOUGH_INFO","llm_verified","false","SUPPORTS",0.642675399780273,"openrouter_cheap",""
"595e8646","GA1","A.","A2","https://openalex.org/W4402883999","NOT_ENOUGH_INFO",0.28735632183908,"NOT_ENOUGH_INFO","llm_verified","false","SUPPORTS",0.620889008045197,"openrouter_cheap",""
"91a4c268","GA1","A.","A6","https://openalex.org/W4324309916","NOT_ENOUGH_INFO",0.28735632183908,"NOT_ENOUGH_INFO","llm_verified","false","SUPPORTS",0.617603063583374,"openrouter_cheap",""
"41fb702a","GA1","B.","B4","https://openalex.org/W4393172655","NOT_ENOUGH_INFO",0.28735632183908,"NOT_ENOUGH_INFO","llm_verified","false","SUPPORTS",0.803308010101318,"openrouter_cheap",""
"81454ade","GA1","A.","A9","https://openalex.org/W2101760312","NOT_ENOUGH_INFO",0.28735632183908,"NOT_ENOUGH_INFO","llm_verified","false","SUPPORTS",0.782198131084442,"openrouter_cheap",""
"d805dae7","GA1","A.","A2","https://openalex.org/W3149491749","NOT_ENOUGH_INFO",0.28735632183908,"NOT_ENOUGH_INFO","llm_verified","false","SUPPORTS",0.625393271446228,"openrouter_cheap",""
"f412bfb6","GA1","A.","A6","https://openalex.org/W2925573815","NOT_ENOUGH_INFO",0.28735632183908,"NOT_ENOUGH_INFO","llm_verified","false","SUPPORTS",0.606032192707062,"openrouter_cheap",""
"ed9a0456","GA1","A.","A6","https://openalex.org/W4391573122","NOT_ENOUGH_INFO",0.28735632183908,"NOT_ENOUGH_INFO","llm_verified","false","SUPPORTS",0.695330500602722,"openrouter_cheap",""
"d74557c8","GA1","A.","A2","https://openalex.org/W4413056123","NOT_ENOUGH_INFO",0.28735632183908,"NOT_ENOUGH_INFO","llm_verified","false","SUPPORTS",0.677251815795898,"openrouter_cheap",""
"ae5ff11f","GA1","A.","A6","https://openalex.org/W4406651280","NOT_ENOUGH_INFO",0.28735632183908,"NOT_ENOUGH_INFO","llm_verified","false","SUPPORTS",0.682632029056549,"openrouter_cheap",""
"0a8bda1a","GA1","A.","A2","https://openalex.org/W2756685636","NOT_ENOUGH_INFO",0.28735632183908,"NOT_ENOUGH_INFO","llm_verified","false","SUPPORTS",0.610722064971924,"openrouter_cheap",""
"fe0d60c0","GA1","A.","A6","https://openalex.org/W4388520071","NOT_ENOUGH_INFO",0.28735632183908,"NOT_ENOUGH_INFO","llm_verified","false","SUPPORTS",0.655947685241699,"openrouter_cheap",""
"bafa455a","GA1","A.","A6","https://openalex.org/W2405893825","NOT_ENOUGH_INFO",0.28735632183908,"NOT_ENOUGH_INFO","llm_verified","false","SUPPORTS",0.641210854053497,"openrouter_cheap",""
"aaf78ae5","GA1","A.","A2","https://openalex.org/W3082318494","NOT_ENOUGH_INFO",0.28735632183908,"NOT_ENOUGH_INFO","llm_verified","false","REFUTES",0.643999755382538,"openrouter_cheap",""
"bb368db0","GA1","B.","B4","https://openalex.org/W4416084837","NOT_ENOUGH_INFO",0.28735632183908,"NOT_ENOUGH_INFO","llm_verified","false","SUPPORTS",0.69930225610733,"openrouter_cheap",""
"9d32b3d9","GA1","A.","A6","https://openalex.org/W2914886181","NOT_ENOUGH_INFO",0.28735632183908,"NOT_ENOUGH_INFO","llm_verified","false","SUPPORTS",0.705405235290527,"openrouter_cheap",""
"d994e42b","GA1","A.","A6","https://openalex.org/W4387494577","NOT_ENOUGH_INFO",0.28735632183908,"NOT_ENOUGH_INFO","llm_verified","false","SUPPORTS",0.684257447719574,"openrouter_cheap",""
"ffed1469","GA1","C.","C5","https://openalex.org/W2562718914","NOT_ENOUGH_INFO",0.28735632183908,"NOT_ENOUGH_INFO","llm_verified","true","SUPPORTS",0.629882156848907,"openrouter_cheap",""
"08e246d4","GA1","A.","A6","https://openalex.org/W7161182184","NOT_ENOUGH_INFO",0.28735632183908,"NOT_ENOUGH_INFO","llm_verified","false","SUPPORTS",0.759914100170135,"openrouter_cheap",""
"01f1878a","GA1","A.","A6","https://openalex.org/W3216671808","NOT_ENOUGH_INFO",0.28735632183908,"NOT_ENOUGH_INFO","llm_verified","false","SUPPORTS",0.689657807350159,"openrouter_cheap",""
"0b68f1fa","GA1","A.","A6","https://openalex.org/W4220826848","NOT_ENOUGH_INFO",0.28735632183908,"NOT_ENOUGH_INFO","llm_verified","false","SUPPORTS",0.683248043060303,"openrouter_cheap",""
"9ed29db0","GA1","B.","B4","https://openalex.org/W2983405728","NOT_ENOUGH_INFO",0.28735632183908,"NOT_ENOUGH_INFO","llm_verified","false","SUPPORTS",0.624491512775421,"openrouter_cheap",""
"5475e16f","GA1","B.","B4","https://openalex.org/W3129190342","NOT_ENOUGH_INFO",0.28735632183908,"NOT_ENOUGH_INFO","llm_verified","false","SUPPORTS",0.757009327411652,"openrouter_cheap",""
"4cf319a9","GA1","A.","A6","https://openalex.org/W2549949215","NOT_ENOUGH_INFO",0.28735632183908,"NOT_ENOUGH_INFO","llm_verified","false","SUPPORTS",0.787838041782379,"openrouter_cheap",""
"92dbdc95","GA1","A.","A6","https://openalex.org/W4281912760","NOT_ENOUGH_INFO",0.28735632183908,"NOT_ENOUGH_INFO","llm_verified","false","SUPPORTS",0.652892112731934,"openrouter_cheap",""
"a95a8e4e","GA1","A.","A6","https://openalex.org/W4414837754","NOT_ENOUGH_INFO",0.28735632183908,"NOT_ENOUGH_INFO","llm_verified","false","SUPPORTS",0.63479071855545,"openrouter_cheap",""
"923f17d7","GA1","B.","B4","https://openalex.org/W2902962944","NOT_ENOUGH_INFO",0.28735632183908,"NOT_ENOUGH_INFO","llm_verified","false","SUPPORTS",0.741190731525421,"openrouter_cheap",""
"a6727e50","GA1","A.","A2","https://openalex.org/W3001267036","NOT_ENOUGH_INFO",0.28735632183908,"NOT_ENOUGH_INFO","llm_verified","false","SUPPORTS",0.720502018928528,"openrouter_cheap",""
"4d6edeff","GA1","A.","A6","https://openalex.org/W2890221849","NOT_ENOUGH_INFO",0.28735632183908,"NOT_ENOUGH_INFO","llm_verified","false","SUPPORTS",0.801908791065216,"openrouter_cheap",""
"5e1e5989","GA1","A.","A6","https://openalex.org/W3199196797","NOT_ENOUGH_INFO",0.28735632183908,"NOT_ENOUGH_INFO","llm_verified","false","SUPPORTS",0.728317975997925,"openrouter_cheap",""
"a54693c4","GA1","A.","A2","https://openalex.org/W4243747103","NOT_ENOUGH_INFO",0.28735632183908,"NOT_ENOUGH_INFO","llm_verified","false","REFUTES",0.620474576950073,"openrouter_cheap",""
"38bbb98f","GA1","A.","A6","https://openalex.org/W4392583580","NOT_ENOUGH_INFO",0.28735632183908,"NOT_ENOUGH_INFO","llm_verified","false","SUPPORTS",0.61291629076004,"openrouter_cheap",""
"2d8bcb21","GA1","B.","B4","https://openalex.org/W4200147072","NOT_ENOUGH_INFO",0.28735632183908,"NOT_ENOUGH_INFO","llm_verified","false","SUPPORTS",0.651028096675873,"openrouter_cheap",""
"c27cc520","GA1","A.","A6","https://openalex.org/W3129163111","NOT_ENOUGH_INFO",0.28735632183908,"NOT_ENOUGH_INFO","llm_verified","false","SUPPORTS",0.647641897201538,"openrouter_cheap",""
"d78f3442","GA1","A.","A6","https://openalex.org/W2130609602","NOT_ENOUGH_INFO",0.28735632183908,"NOT_ENOUGH_INFO","llm_verified","false","SUPPORTS",0.63649445772171,"openrouter_cheap",""
"efd39376","GA1","A.","A2","https://openalex.org/W2795384010","NOT_ENOUGH_INFO",0.28735632183908,"NOT_ENOUGH_INFO","llm_verified","false","SUPPORTS",0.640818417072296,"openrouter_cheap",""
"d631e8dc","GA1","A.","A6","https://openalex.org/W2065764178","NOT_ENOUGH_INFO",0.28735632183908,"NOT_ENOUGH_INFO","llm_verified","false","REFUTES",0.712601184844971,"openrouter_cheap",""
"0edc1c74","GA1","A.","A6","https://openalex.org/W7154126347","NOT_ENOUGH_INFO",0.28735632183908,"NOT_ENOUGH_INFO","llm_verified","false","SUPPORTS",0.689262866973877,"openrouter_cheap",""
"e1b1706d","GA1","A.","A6","https://openalex.org/W2803433730","NOT_ENOUGH_INFO",0.28735632183908,"NOT_ENOUGH_INFO","llm_verified","false","SUPPORTS",0.683118462562561,"openrouter_cheap",""
"aaf4eb96","GA1","A.","A6","https://openalex.org/W2464867621","NOT_ENOUGH_INFO",0.28735632183908,"NOT_ENOUGH_INFO","llm_verified","false","SUPPORTS",0.709916055202484,"openrouter_cheap",""
"6e0724a3","GA1","D.","D12","https://openalex.org/W1962540033","NOT_ENOUGH_INFO",0.28735632183908,"NOT_ENOUGH_INFO","llm_verified","false","SUPPORTS",0.600133836269379,"openrouter_cheap",""
"31ef87de","GA1","A.","A2","https://openalex.org/W4407037211","NOT_ENOUGH_INFO",0.28735632183908,"NOT_ENOUGH_INFO","llm_verified","false","SUPPORTS",0.635612964630127,"openrouter_cheap",""
"11282071","GA1","B.","B4","https://openalex.org/W2980214884","NOT_ENOUGH_INFO",0.28735632183908,"NOT_ENOUGH_INFO","llm_verified","false","SUPPORTS",0.843901872634888,"openrouter_cheap",""
